race_title,date,departure,arrival,class,distance,vertical_meters,startlist_quality,profile_score,temperature,race_ranking,winner_time,winner_speed,profile_image_url,url
National Championships Belgium ME - ITT 2025 Time Trial,2025-06-27,Brasschaat,Brasschaat,NC,40.5,198.0,83.0,2.0,,165.0,2683,54.342,https://www.procyclingstats.com/images/profiles/ca/be/nc-belgium-itt-2025-result-profile.jpg,https://www.procyclingstats.com/race/nc-belgium-itt/2025/result
National Championships Spain ME - ITT 2025 Time Trial,2025-06-27,Centro Visitantes El Dornajo,Aparcam. Los Penones,NC,14.0,737.0,61.0,99.0,,178.0,1767,28.523,https://www.procyclingstats.com/images/profiles/ca/fb/nc-spain-itt-2025-result-profile.jpg,https://www.procyclingstats.com/race/nc-spain-itt/2025/result
National Championships Denmark ME - ITT 2025 Time Trial,2025-06-27,Aalborg,Aalborg,NC,41.0,111.0,,0.0,,,2831,52.137,https://www.procyclingstats.com/images/profiles/ca/ad/nc-denmark-itt-2025-result-profile.jpg,https://www.procyclingstats.com/race/nc-denmark-itt/2025/result
National Championships Portugal ME - ITT 2025 Time Trial,2025-06-27,Alvaiázere,Alvaiázere,NC,25.1,283.0,10.0,11.0,,308.0,1872,48.269,https://www.procyclingstats.com/images/profiles/ca/ff/nc-portugal-2025-result-profile.jpg,https://www.procyclingstats.com/race/nc-portugal/2025/result
National Championships Austria ME - ITT 2025 Time Trial,2025-06-27,Frauenkirchen,Frauenkirchen,NC,25.4,,9.0,,,321.0,1702,53.725,,https://www.procyclingstats.com/race/nc-austria-itt/2025/result
National Championships Germany ME - ITT 2025 Time Trial,2025-06-27,Ramstein,Ramstein,NC,22.5,257.0,27.0,14.0,,212.0,1667,48.59,https://www.procyclingstats.com/images/profiles/ca/bd/nc-germany-itt-2025-result-profile.jpg,https://www.procyclingstats.com/race/nc-germany-itt/2025/result
National Championships Czech Republic ME - ITT 2025 Time Trial,2025-06-26,Horné Naštice,Horné Naštice,NC,36.0,269.0,15.0,5.0,,268.0,2354,55.055,https://www.procyclingstats.com/images/profiles/ca/cd/nc-czech-republic-itt-2025-result-profile.jpg,https://www.procyclingstats.com/race/nc-czech-republic-itt/2025/result
National Championships Switzerland ME - ITT 2025 Time Trial,2025-06-26,Steinmaur,Steinmaur,NC,18.9,225.0,19.0,13.0,,240.0,1321,51.506,https://www.procyclingstats.com/images/profiles/ca/db/nc-switzerland-itt-2025-result-profile.jpg,https://www.procyclingstats.com/race/nc-switzerland-itt/2025/result
National Championships France ME - ITT 2025 Time Trial,2025-06-26,Les Herbiers,Les Herbiers,NC,26.5,,67.0,,,171.0,1936,49.277,,https://www.procyclingstats.com/race/nc-france-itt/2025/result
National Championships Great Britain ME - ITT 2025 Time Trial,2025-06-26,Ffos-y-ffin,Aberaeron,NC,41.0,539.0,50.0,31.0,,185.0,3248,45.443,https://www.procyclingstats.com/images/profiles/ca/dd/nc-great-britain-itt-2025-result-profile.jpg,https://www.procyclingstats.com/race/nc-great-britain-itt/2025/result
National Championships Italy ME - ITT 2025 Time Trial,2025-06-26,Morsano al Tagliamento,San Vito al Tagliamento,NC,28.0,133.0,61.0,0.0,,176.0,1835,54.932,https://www.procyclingstats.com/images/profiles/ca/ee/nc-italy-itt-2025-result-profile.jpg,https://www.procyclingstats.com/race/nc-italy-itt/2025/result
National Championships Luxembourg ME - ITT 2025 Time Trial,2025-06-26,Mertzig,Mertzig,NC,17.6,258.0,8.0,13.0,,329.0,1449,43.727,https://www.procyclingstats.com/images/profiles/ca/ea/nc-luxembourg-itt-2025-result-profile.jpg,https://www.procyclingstats.com/race/nc-luxembourg-itt/2025/result
National Championships Norway ME - ITT 2025 Time Trial,2025-06-26,Eidsvoll,Lileeng,NC,26.0,157.0,23.0,3.0,,221.0,1691,55.352,https://www.procyclingstats.com/images/profiles/ca/bd/nc-norway-itt-2025-result-profile.jpg,https://www.procyclingstats.com/race/nc-norway-itt/2025/result
National Championships Venezuela ME - ITT 2025 Time Trial,2025-06-26,San Felipe ,San Felipe ,NC,42.3,,,,,,3213,47.395,,https://www.procyclingstats.com/race/nc-venezuela-itt/2025/result
National Championships Netherlands ME - ITT 2025 Time Trial,2025-06-24,Surhuisterveen,Surhuisterveen,NC,31.4,34.0,23.0,0.0,,220.0,2180,51.853,https://www.procyclingstats.com/images/profiles/ca/cb/nc-netherlands-itt-2025-result-profile.jpg,https://www.procyclingstats.com/race/nc-netherlands-itt/2025/result
Tour de Suisse 2025 Stage 8 (ITT),2025-06-22,Beckenried,Stockhütte,2.UWT,10.0,836.0,642.0,191.0,24.0,32.0,1653,21.779,https://www.procyclingstats.com/images/profiles/ca/cc/tour-de-suisse-2025-stage-8-final-km.jpg,https://www.procyclingstats.com/race/tour-de-suisse/2025/stage-8
Baloise Belgium Tour 2025 Stage 3 (ITT),2025-06-20,Tessenderlo,Ham,2.Pro,9.7,79.0,311.0,0.0,25.0,67.0,629,55.517,https://www.procyclingstats.com/images/profiles/ca/ec/tour-of-belgium-2025-stage-3-profile.jpg,https://www.procyclingstats.com/race/tour-of-belgium/2025/stage-3
La Route d'Occitanie - CIC 2025 Stage 1 (ITT),2025-06-18,Saint-Affrique,Roquefort-sur-Soulzon,2.1,10.5,330.0,125.0,37.0,28.0,146.0,928,40.733,https://www.procyclingstats.com/images/profiles/ca/dd/la-route-d-occitanie-2025-stage-1-profile-n2.jpg,https://www.procyclingstats.com/race/la-route-d-occitanie/2025/stage-1
Critérium du Dauphiné 2025 Stage 4 (ITT),2025-06-11,Charmes-sur-Rhône,Saint-Péray,2.UWT,17.4,214.0,837.0,33.0,31.0,15.0,1250,50.112,https://www.procyclingstats.com/images/profiles/ca/fe/dauphine-2025-stage-4-profile-n2.jpg,https://www.procyclingstats.com/race/dauphine/2025/stage-4
Boucles de la Mayenne - Crédit Mutuel 2025 Prologue,2025-05-29,Espace Mayenne - Laval,Espace Mayenne - Laval,2.Pro,5.4,143.0,213.0,4.0,22.0,106.0,406,47.882,https://www.procyclingstats.com/images/profiles/ca/ac/boucles-de-la-mayenne-2025-prologue-profile.jpg,https://www.procyclingstats.com/race/boucles-de-la-mayenne/2025/prologue
Giro d'Italia 2025 Stage 10 (ITT),2025-05-20,Lucca,Pisa,2.UWT,28.6,125.0,946.0,0.0,22.0,8.0,1950,52.8,https://www.procyclingstats.com/images/profiles/ca/ac/giro-d-italia-2025-stage-10-profile-n2.jpg,https://www.procyclingstats.com/race/giro-d-italia/2025/stage-10
Giro d'Italia 2025 Stage 2 (ITT),2025-05-10,Tirana,Tirana,2.UWT,13.7,141.0,946.0,8.0,25.0,8.0,967,51.003,https://www.procyclingstats.com/images/profiles/ca/aa/giro-d-italia-2025-stage-2-profile-n2.jpg,https://www.procyclingstats.com/race/giro-d-italia/2025/stage-2
Tour de Romandie 2025 Stage 5 (ITT),2025-05-04,Genève,Genève,2.UWT,17.1,228.0,500.0,15.0,,40.0,1233,49.927,https://www.procyclingstats.com/images/profiles/ca/dd/tour-de-romandie-2025-stage-5-profile.jpg,https://www.procyclingstats.com/race/tour-de-romandie/2025/stage-5
Tour de Romandie 2025 Prologue,2025-04-29,Saint-Imier,Saint-Imier,2.UWT,3.44,42.0,500.0,2.0,,40.0,273,45.363,https://www.procyclingstats.com/images/profiles/ca/dc/tour-de-romandie-2025-prologue-profile.jpg,https://www.procyclingstats.com/race/tour-de-romandie/2025/prologue
Pan-American Continental Championships ME - ITT 2025 Time Trial,2025-04-24,Punta del Este,Punta del Este,CC,39.3,67.0,24.0,0.0,,215.0,2808,50.385,https://www.procyclingstats.com/images/profiles/ca/cb/panamerican-champ-itt-2025-result-profile.jpg,https://www.procyclingstats.com/race/panamerican-champ-itt/2025/result
Itzulia Basque Country 2025 Stage 1 (ITT),2025-04-07,Vitoria-Gasteiz,Vitoria-Gasteiz (Baskonia-Alavés),2.UWT,16.5,78.0,717.0,2.0,,24.0,1117,53.178,https://www.procyclingstats.com/images/profiles/ca/de/itzulia-basque-country-2025-stage-1-profile-n2.jpg,https://www.procyclingstats.com/race/itzulia-basque-country/2025/stage-1
National Championships Panama ME - ITT 2025 Time Trial,2025-03-14,La Ponderosa Parque Ecoturístico,La Ponderosa Parque Ecoturístico,NC,29.3,,,,,,2171,48.586,,https://www.procyclingstats.com/race/nc-panama-itt/2025/result
Tirreno-Adriatico 2025 Stage 1 (ITT),2025-03-10,Lido di Camaiore,Lido di Camaiore,2.UWT,11.5,10.0,918.0,0.0,15.0,6.0,737,56.174,https://www.procyclingstats.com/images/profiles/ca/bc/tirreno-adriatico-2025-stage-1-profile-n2.jpg,https://www.procyclingstats.com/race/tirreno-adriatico/2025/stage-1
O Gran Camiño -  The Historical Route 2025 Stage 3 (ITT),2025-02-28,Ourense,Pereiro de Aguiar,2.1,15.6,397.0,113.0,47.0,15.0,155.0,1397,40.2,https://www.procyclingstats.com/images/profiles/ca/db/gran-camino-2025-stage-3-profile-n2.jpg,https://www.procyclingstats.com/race/gran-camino/2025/stage-3
Volta ao Algarve em Bicicleta 2025 Stage 5 (ITT),2025-02-23,Salir,Malhão,2.Pro,19.6,367.0,647.0,57.0,15.0,33.0,1705,41.384,https://www.procyclingstats.com/images/profiles/ca/ae/volta-ao-algarve-2025-stage-5-profile.jpg,https://www.procyclingstats.com/race/volta-ao-algarve/2025/stage-5
UAE Tour 2025 Stage 2 (ITT),2025-02-18,Al Hudayriyat Island,Al Hudayriyat Island,2.UWT,12.2,8.0,567.0,0.0,24.0,37.0,775,56.671,https://www.procyclingstats.com/images/profiles/ca/bd/uae-tour-2025-stage-2-profile-n2.jpg,https://www.procyclingstats.com/race/uae-tour/2025/stage-2
Etoile de Bessèges - Tour du Gard 2025 Stage 5 (ITT),2025-02-09,Alès,L'Hermitage,2.1,10.645,174.0,358.0,23.0,9.0,60.0,907,42.251,https://www.procyclingstats.com/images/profiles/ca/fb/etoile-de-besseges-2025-stage-5-profile.jpg,https://www.procyclingstats.com/race/etoile-de-besseges/2025/stage-5
National Championships South Africa ME - ITT 2025 Time Trial,2025-02-07,Midvaal,Midvaal,NC,41.0,250.0,4.0,1.0,24.0,382.0,2870,51.429,https://www.procyclingstats.com/images/profiles/ca/bc/nc-south-africa-itt-2025-result-profile.jpg,https://www.procyclingstats.com/race/nc-south-africa-itt/2025/result
National Championships New Zealand ME - ITT 2025 Time Trial,2025-02-06,Timaru,Timaru,NC,37.4,462.0,34.0,32.0,15.0,200.0,2857,47.126,https://www.procyclingstats.com/images/profiles/ca/ce/nc-new-zealand-itt-2025-result-profile.jpg,https://www.procyclingstats.com/race/nc-new-zealand-itt/2025/result
National Championships Colombia ME - ITT 2025 Time Trial,2025-02-06,Bucaramanga,Bucaramanga,NC,42.2,519.0,29.0,28.0,27.0,205.0,3051,49.794,https://www.procyclingstats.com/images/profiles/ca/fe/nc-colombia-itt-2025-result-profile.jpg,https://www.procyclingstats.com/race/nc-colombia-itt/2025/result
National Championships Australia ME - ITT 2025 Time Trial,2025-01-09,Perth,Perth,NC,38.4,380.0,17.0,8.0,28.0,248.0,2793,49.495,https://www.procyclingstats.com/images/profiles/ca/ed/australian-open-road-championships-itt-2025-result-profile.jpg,https://www.procyclingstats.com/race/australian-open-road-championships-itt/2025/result
World Championships ME - ITT 2024 Time Trial,2024-09-22,Zürich,Zürich,WC,46.1,405.0,285.0,27.0,22.0,77.0,3181,52.172,https://www.procyclingstats.com/images/profiles/ca/fb/world-championship-itt-2024-result-profile-n2.jpg,https://www.procyclingstats.com/race/world-championship-itt/2024/result
Skoda Tour de Luxembourg 2024 Stage 4  (ITT),2024-09-21,Differdange,Differdange,2.Pro,15.5,225.0,418.0,30.0,23.0,44.0,1151,48.48,https://www.procyclingstats.com/images/profiles/ca/df/tour-de-luxembourg-2024-stage-4-profile.jpg,https://www.procyclingstats.com/race/tour-de-luxembourg/2024/stage-4
European Continental Championships ME - ITT 2024 Time Trial,2024-09-11,Heusden-Zolder,Hasselt,CC,31.3,94.0,68.0,0.0,15.0,177.0,2115,53.277,https://www.procyclingstats.com/images/profiles/ca/cb/uec-road-european-championships-itt-2024-result-profile-n2.jpg,https://www.procyclingstats.com/race/uec-road-european-championships-itt/2024/result
La Vuelta Ciclista a España 2024 Stage 21 (ITT),2024-09-08,Madrid,Madrid,2.UWT,24.6,190.0,916.0,6.0,26.0,12.0,1588,55.768,https://www.procyclingstats.com/images/profiles/ca/ec/vuelta-a-espana-2024-stage-21-profile-n2.jpg,https://www.procyclingstats.com/race/vuelta-a-espana/2024/stage-21
Renewi Tour 2024 Stage 2 (ITT),2024-08-29,Tessenderlo,Tessenderlo,2.UWT,15.4,106.0,732.0,1.0,25.0,23.0,1019,54.406,https://www.procyclingstats.com/images/profiles/ca/ab/renewi-tour-2024-stage-2-profile.jpg,https://www.procyclingstats.com/race/renewi-tour/2024/stage-2
Tour Poitou - Charentes en Nouvelle Aquitaine 2024 Stage 3 (ITT),2024-08-22,Ménigoute,Fontaine-le-Comte,2.1,29.2,146.0,100.0,6.0,26.0,163.0,1883,55.826,https://www.procyclingstats.com/images/profiles/ca/fa/tour-du-poitou-charentes-et-de-la-vienne-2024-stage-3-profile.jpg,https://www.procyclingstats.com/race/tour-du-poitou-charentes-et-de-la-vienne/2024/stage-3
Deutschland Tour 2024 Prologue,2024-08-21,Schweinfurt,Schweinfurt,2.Pro,2.9,24.0,341.0,0.0,21.0,60.0,196,53.265,https://www.procyclingstats.com/images/profiles/ca/eb/deutschland-tour-2024-stage-0-profile.jpg,https://www.procyclingstats.com/race/deutschland-tour/2024/stage-0
La Vuelta Ciclista a España 2024 Stage 1 (ITT),2024-08-17,Lisbon,Oeiras,2.UWT,12.0,55.0,916.0,1.0,28.0,12.0,755,57.219,https://www.procyclingstats.com/images/profiles/ca/fe/vuelta-a-espana-2024-stage-1-sprint.jpg,https://www.procyclingstats.com/race/vuelta-a-espana/2024/stage-1
Tour de Pologne 2024 Stage 2 (ITT),2024-08-13,Mysłakowice,Karpacz,2.UWT,15.4,461.0,595.0,54.0,27.0,33.0,1439,38.527,https://www.procyclingstats.com/images/profiles/ca/ca/tour-de-pologne-2024-stage-2-profile.jpg,https://www.procyclingstats.com/race/tour-de-pologne/2024/stage-2
Vuelta a Burgos 2024 Stage 4 (ITT),2024-08-08,Santa María del Campo,Pampliega,2.Pro,18.5,87.0,237.0,0.0,29.0,91.0,1191,55.919,https://www.procyclingstats.com/images/profiles/ca/cc/vuelta-a-burgos-2024-stage-4-profile.jpg,https://www.procyclingstats.com/race/vuelta-a-burgos/2024/stage-4
Volta a Portugal em Bicicleta 2024 Stage 10 (ITT),2024-08-04,Viseu,Viseu ,2.1,26.6,369.0,38.0,24.0,34.0,187.0,2076,46.127,https://www.procyclingstats.com/images/profiles/ca/fc/volta-a-portugal-2024-stage-12-profile.jpg,https://www.procyclingstats.com/race/volta-a-portugal/2024/stage-12
Olympic Games ME - ITT 2024 Time Trial,2024-07-27,Paris,Paris,Olympics,32.4,123.0,389.0,1.0,19.0,47.0,2172,53.702,https://www.procyclingstats.com/images/profiles/ca/ee/olympic-games-itt-2024-result-profile.jpg,https://www.procyclingstats.com/race/olympic-games-itt/2024/result
Volta a Portugal em Bicicleta 2024 Prologue,2024-07-24,Águeda ,Águeda ,2.1,5.6,73.0,38.0,5.0,34.0,187.0,408,49.412,https://www.procyclingstats.com/images/profiles/ca/aa/volta-a-portugal-2024-stage-1-profile.jpg,https://www.procyclingstats.com/race/volta-a-portugal/2024/stage-1
Tour de France 2024 Stage 21 (ITT),2024-07-21,Monaco,Nice,2.UWT,33.7,720.0,1723.0,73.0,28.0,1.0,2724,44.537,https://www.procyclingstats.com/images/profiles/ca/fb/tour-de-france-2024-stage-21-profile.jpg,https://www.procyclingstats.com/race/tour-de-france/2024/stage-21
Sibiu Cycling Tour 2024 Stage 2b (ITT),2024-07-07,Sibiu,Sibiu,2.1,3.2,17.0,76.0,1.0,30.0,172.0,262,43.969,https://www.procyclingstats.com/images/profiles/ca/fc/sibiu-cycling-tour-2024-stage-2b-profile.jpg,https://www.procyclingstats.com/race/sibiu-cycling-tour/2024/stage-2b
Tour de France 2024 Stage 7 (ITT),2024-07-05,Nuits-Saint-Georges,Gevrey-Chambertin,2.UWT,25.3,283.0,1723.0,13.0,24.0,1.0,1732,52.587,https://www.procyclingstats.com/images/profiles/ca/bc/tour-de-france-2024-stage-7-climb.jpg,https://www.procyclingstats.com/race/tour-de-france/2024/stage-7
Tour of Austria 2024 Prologue,2024-07-02,St. Pölten,St. Pölten,2.1,3.0,9.0,129.0,0.0,22.0,147.0,218,49.541,https://www.procyclingstats.com/images/profiles/ca/ee/tour-of-austria-2024-stage-1-profile.jpg,https://www.procyclingstats.com/race/tour-of-austria/2024/stage-1
National Championships Spain ME - ITT 2024 Time Trial,2024-06-21,Galapagar,Galapagar,NC,33.4,326.0,,12.0,,,2312,52.007,,https://www.procyclingstats.com/race/nc-spain-itt/2024/result
National Championships Denmark ME - ITT 2024 Time Trial,2024-06-21,Herning,Herning,NC,41.3,183.0,,0.0,,,2828,52.574,,https://www.procyclingstats.com/race/nc-denmark-itt/2024/result
National Championships Portugal ME - ITT 2024 Time Trial,2024-06-21,Santa Maria da Feira,Santa Maria da Feira,NC,32.4,533.0,12.0,25.0,,304.0,2372,49.174,,https://www.procyclingstats.com/race/nc-portugal/2024/result
National Championships Austria ME - ITT 2024 Time Trial,2024-06-21,Königswiesen,Königswiesen,NC,23.6,,14.0,,,278.0,1683,50.481,,https://www.procyclingstats.com/race/nc-austria-itt/2024/result
National Championships Venezuela ME - ITT 2024 Time Trial,2024-06-21,San Carlos,San Carlos,NC,39.3,,,,,,2863,49.417,,https://www.procyclingstats.com/race/nc-venezuela-itt/2024/result
National Championships Germany ME - ITT 2024 Time Trial,2024-06-21,Donaueschingen,Bad Dürrheim,NC,30.6,251.0,,6.0,,,2211,49.824,,https://www.procyclingstats.com/race/nc-germany-itt/2024/result
National Championships Switzerland ME - ITT 2024 Time Trial,2024-06-20,Aire-la-Ville,Aire-la-Ville,NC,30.8,282.0,25.0,15.0,,204.0,2169,51.12,,https://www.procyclingstats.com/race/nc-switzerland-itt/2024/result
National Championships Belgium ME - ITT 2024 Time Trial,2024-06-20,Binche,Binche,NC,38.5,354.0,55.0,4.0,,176.0,2765,50.127,,https://www.procyclingstats.com/race/nc-belgium-itt/2024/result
National Championships Italy ME - ITT 2024 Time Trial,2024-06-20,Grosseto,Grosseto,NC,35.1,27.0,,0.0,,,2358,53.588,,https://www.procyclingstats.com/race/nc-italy-itt/2024/result
National Championships France ME - ITT 2024 Time Trial,2024-06-20,Pontorson,Saint-Martin-de-Landelles,NC,35.2,402.0,31.0,18.0,,191.0,2623,48.311,,https://www.procyclingstats.com/race/nc-france-itt/2024/result
National Championships Norway ME - ITT 2024 Time Trial,2024-06-20,Bodø,Bodø,NC,27.0,609.0,16.0,66.0,,256.0,2054,47.322,,https://www.procyclingstats.com/race/nc-norway-itt/2024/result
National Championships Czech Republic ME - ITT 2024 Time Trial,2024-06-20,Jevíčko,Jevíčko,NC,46.5,420.0,14.0,8.0,,277.0,3171,52.791,,https://www.procyclingstats.com/race/nc-czech-republic-itt/2024/result
National Championships Poland ME - ITT 2024 Time Trial,2024-06-20,Radzanowo,Radzanowo,NC,44.7,123.0,,0.0,,,3080,52.247,,https://www.procyclingstats.com/race/nc-poland-itt/2024/result
National Championships Netherlands ME - ITT 2024 Time Trial,2024-06-19,Steenbergen,Steenbergen,NC,36.8,37.0,24.0,0.0,,206.0,2619,50.584,,https://www.procyclingstats.com/race/nc-netherlands-itt/2024/result
National Championships Great Britain ME - ITT 2024 Time Trial,2024-06-19,Catterick,Catterick,NC,30.0,449.0,23.0,42.0,,212.0,2361,45.743,,https://www.procyclingstats.com/race/nc-great-britain-itt/2024/result
National Championships Sweden ME - ITT 2024 Time Trial,2024-06-18,Linköping,Linköping,NC,32.0,,3.0,,,384.0,2178,52.893,,https://www.procyclingstats.com/race/nc-sweden-itt/2024/result
Tour de Suisse 2024 Stage 8 (ITT),2024-06-16,Aigle,Villars-sur-Ollon,2.UWT,15.7,875.0,744.0,160.0,22.0,22.0,2003,28.218,https://www.procyclingstats.com/images/profiles/ca/df/tour-de-suisse-2024-stage-8-profile-n2.jpg,https://www.procyclingstats.com/race/tour-de-suisse/2024/stage-8
Baloise Belgium Tour 2024 Stage 1 (ITT),2024-06-12,Beringen,Beringen,2.Pro,12.0,136.0,442.0,2.0,15.0,42.0,804,53.731,https://www.procyclingstats.com/images/profiles/ca/ec/tour-of-belgium-2024-stage-1-profile.jpg,https://www.procyclingstats.com/race/tour-of-belgium/2024/stage-1
Tour de Suisse 2024 Stage 1 (ITT),2024-06-09,Vaduz,Vaduz,2.UWT,4.77,14.0,744.0,0.0,22.0,22.0,305,56.302,https://www.procyclingstats.com/images/profiles/ca/ce/tour-de-suisse-2024-stage-1-profile.jpg,https://www.procyclingstats.com/race/tour-de-suisse/2024/stage-1
ZLM Tour 2024 Stage 1 (ITT),2024-06-05,Westkapelle,Westkapelle,2.1,14.7,18.0,68.0,0.0,16.0,171.0,1036,51.081,https://www.procyclingstats.com/images/profiles/ca/ba/zlm-tour-2024-stage-1-profile.png,https://www.procyclingstats.com/race/zlm-tour/2024/stage-1
Critérium du Dauphiné 2024 Stage 4 (ITT),2024-06-05,Saint-Germain-Laval,Neulise,2.UWT,34.4,427.0,779.0,19.0,25.0,18.0,2509,49.358,https://www.procyclingstats.com/images/profiles/ca/dc/dauphine-2024-stage-4-profile-n2.png,https://www.procyclingstats.com/race/dauphine/2024/stage-4
Pan-American Continental Championships ME - ITT 2024 Time Trial,2024-05-23,São José dos Campos,São José dos Campos,CC,35.4,777.0,22.0,95.0,19.0,219.0,2564,49.704,https://www.procyclingstats.com/images/profiles/ca/fe/panamerican-champ-itt-2024-result-profile.png,https://www.procyclingstats.com/race/panamerican-champ-itt/2024/result
Boucles de la Mayenne - Crédit Mutuel 2024 Prologue,2024-05-23,Espace Mayenne - Laval,Espace Mayenne - Laval,2.Pro,5.4,146.0,241.0,2.0,17.0,86.0,409,47.531,https://www.procyclingstats.com/images/profiles/ca/bf/boucles-de-la-mayenne-2024-prologue-profile.jpg,https://www.procyclingstats.com/race/boucles-de-la-mayenne/2024/prologue
Giro d'Italia 2024 Stage 14 (ITT),2024-05-18,Castiglione delle Stiviere,Desenzano del Garda,2.UWT,31.2,250.0,721.0,9.0,23.0,25.0,2102,53.435,https://www.procyclingstats.com/images/profiles/ca/dd/giro-d-italia-2024-map-n2.jpg,https://www.procyclingstats.com/race/giro-d-italia/2024/stage-14
National Championships United States ME - ITT 2024 Time Trial,2024-05-15,Charleston,Charleston,NC,33.7,46.0,,0.0,,,2262,53.634,,https://www.procyclingstats.com/race/nc-usa-itt/2024/result
Giro d'Italia 2024 Stage 7 (ITT),2024-05-10,Foligno,Perugia,2.UWT,40.6,408.0,721.0,42.0,23.0,25.0,3104,47.088,https://www.procyclingstats.com/images/profiles/ca/cd/giro-d-italia-2024-stage-7-final-km.jpg,https://www.procyclingstats.com/race/giro-d-italia/2024/stage-7
Tour de Romandie 2024 Stage 3 (ITT),2024-04-26,Oron,Oron,2.UWT,15.5,282.0,688.0,23.0,10.0,27.0,1206,46.269,https://www.procyclingstats.com/images/profiles/ca/ad/tour-de-romandie-2024-stage-4-profile-n2.png,https://www.procyclingstats.com/race/tour-de-romandie/2024/stage-3
Tour de Romandie 2024 Prologue,2024-04-23,Payerne,Payerne,2.UWT,2.28,3.0,688.0,0.0,6.0,27.0,175,46.903,https://www.procyclingstats.com/images/profiles/ca/ee/tour-de-romandie-2024-stage-1-profile-n2.png,https://www.procyclingstats.com/race/tour-de-romandie/2024/prologue
Itzulia Basque Country 2024 Stage 1 (ITT),2024-04-01,Irun,Irun,2.UWT,10.0,179.0,779.0,19.0,17.0,18.0,754,47.745,https://www.procyclingstats.com/images/profiles/ca/bd/itzulia-basque-country-2024-stage-1-profile-n2.png,https://www.procyclingstats.com/race/itzulia-basque-country/2024/stage-1
Tirreno-Adriatico 2024 Stage 1 (ITT),2024-03-04,Lido di Camaiore,Lido di Camaiore,2.UWT,10.0,5.0,921.0,0.0,13.0,10.0,684,52.632,https://www.procyclingstats.com/images/profiles/ca/bc/tirreno-adriatico-2024-stage-1-profile-n2.png,https://www.procyclingstats.com/race/tirreno-adriatico/2024/stage-1
Tour du Rwanda 2024 Stage 5 (ITT),2024-02-22,Ruhengeri (Muzanze),Kinigi Kwita Izina,2.1,13.0,492.0,35.0,49.0,25.0,190.0,1411,33.168,https://www.procyclingstats.com/images/profiles/ca/bd/tour-of-rwanda-2024-stage-5-profile.jpg,https://www.procyclingstats.com/race/tour-of-rwanda/2024/stage-5
O Gran Camiño - The Historical Route 2024 Stage 1 (ITT),2024-02-22,A Coruña,A Coruña,2.1,14.8,176.0,234.0,9.0,11.0,90.0,1101,48.392,https://www.procyclingstats.com/images/profiles/ca/cb/gran-camino-2024-stage-1-profile.jpg,https://www.procyclingstats.com/race/gran-camino/2024/stage-1
UAE Tour 2024 Stage 2 (ITT),2024-02-20,Al Hudayriyat Island,Al Hudayriyat Island,2.UWT,12.1,2.0,532.0,0.0,23.0,36.0,807,53.978,https://www.procyclingstats.com/images/profiles/ca/bc/uae-tour-2024-stage-2-profile.jpg,https://www.procyclingstats.com/race/uae-tour/2024/stage-2
Volta ao Algarve em Bicicleta 2024 Stage 4 (ITT),2024-02-17,Albufeira,Albufeira,2.Pro,22.0,322.0,661.0,24.0,19.0,29.0,1629,48.619,https://www.procyclingstats.com/images/profiles/ca/ff/volta-ao-algarve-2024-stage-4-profile.jpg,https://www.procyclingstats.com/race/volta-ao-algarve/2024/stage-4
Vuelta a Andalucia Ruta Ciclista Del Sol 2024 Stage 3 (ITT),2024-02-16,Alcaudete,Alcaudete,2.Pro,4.95,186.0,260.0,17.0,12.0,86.0,497,35.855,https://www.procyclingstats.com/images/profiles/ca/bd/ruta-del-sol-2024-stage-3-final-km.jpg,https://www.procyclingstats.com/race/ruta-del-sol/2024/stage-3
Tour de la Provence 2024 Prologue,2024-02-08,Marseille,Marseille,2.1,5.0,20.0,144.0,0.0,16.0,136.0,319,56.426,https://www.procyclingstats.com/images/profiles/ca/bf/tour-cycliste-international-la-provence-2024-stage-0-profile-n2.png,https://www.procyclingstats.com/race/tour-cycliste-international-la-provence/2024/stage-0
Etoile de Bessèges - Tour du Gard 2024 Stage 5 (ITT),2024-02-04,Alès,Alès,2.1,10.645,172.0,245.0,23.0,20.0,90.0,902,42.486,https://www.procyclingstats.com/images/profiles/ca/aa/etoile-de-besseges-2024-stage-5.jpg,https://www.procyclingstats.com/race/etoile-de-besseges/2024/stage-5
National Championships South Africa ME - ITT 2024 Time Trial,2024-02-02,Midvaal,Midvaal,NC,41.0,250.0,,1.0,,,2810,52.527,,https://www.procyclingstats.com/race/nc-south-africa-itt/2024/result
National Championships Colombia ME - ITT 2024 Time Trial,2024-01-25,Paipa,Tunja,NC,41.8,601.0,,31.0,,,3242,46.416,,https://www.procyclingstats.com/race/nc-colombia-itt/2024/result
National Championships Australia ME - ITT 2024 Time Trial,2024-01-04,Mount Helen,Mount Helen,NC,37.5,392.0,11.0,18.0,,308.0,2779,48.579,,https://www.procyclingstats.com/race/australian-open-road-championships-itt/2024/result
National Championships Switzerland ME - ITT 2023 Time Trial,2023-10-01,Gansingen,Gansingen,NC,31.3,715.0,0.0,59.0,,732.0,2148,52.458,,https://www.procyclingstats.com/race/nc-switzerland-itt/2023/result
Škoda Tour Luxembourg 2023 Stage 4 (ITT),2023-09-23,Pétange,Pétange,2.Pro,23.9,237.0,532.0,14.0,15.0,35.0,1686,51.032,https://www.procyclingstats.com/images/profiles/ca/ba/tour-de-luxembourg-2023-stage-4-profile.jpg,https://www.procyclingstats.com/race/tour-de-luxembourg/2023/stage-4
European Continental Championships ME - ITT 2023 Time Trial,2023-09-20,Emmen,Emmen,CC,28.7,84.0,139.0,0.0,21.0,134.0,1890,54.667,https://www.procyclingstats.com/images/profiles/ca/be/uec-road-european-championships-itt-2023-result-profile-n2.png,https://www.procyclingstats.com/race/uec-road-european-championships-itt/2023/result
La Vuelta Ciclista a España 2023 Stage 10 (ITT),2023-09-05,Valladolid,Valladolid,2.UWT,25.8,115.0,846.0,5.0,,17.0,1659,55.986,https://www.procyclingstats.com/images/profiles/ca/ea/vuelta-a-espana-2023-stage-10-profile.jpg,https://www.procyclingstats.com/race/vuelta-a-espana/2023/stage-10
Renewi Tour 2023 Stage 2 (ITT),2023-08-24,Sluis,Sluis,2.UWT,13.6,12.0,584.0,0.0,23.0,30.0,905,54.099,https://www.procyclingstats.com/images/profiles/ca/bd/renewi-tour-2023-stage-2-profile.jpg,https://www.procyclingstats.com/race/renewi-tour/2023/stage-2
Tour Poitou - Charentes en Nouvelle Aquitaine 2023 Stage 3b (ITT),2023-08-24,La Roche-Posay,La Roche-Posay,2.1,22.1,183.0,154.0,2.0,27.0,125.0,1513,52.584,https://www.procyclingstats.com/images/profiles/ca/bb/tour-du-poitou-charentes-et-de-la-vienne-2023-stage-3b-profile.png,https://www.procyclingstats.com/race/tour-du-poitou-charentes-et-de-la-vienne/2023/stage-3b
Deutschland Tour 2023 Prologue,2023-08-23,Sankt Wendel,Sankt Wendel,2.Pro,2.3,15.0,354.0,1.0,29.0,59.0,143,57.902,https://www.procyclingstats.com/images/profiles/ca/ae/deutschland-tour-2023-prologue-profile.png,https://www.procyclingstats.com/race/deutschland-tour/2023/prologue
Volta a Portugal em Bicicleta 2023 Stage 10 (ITT),2023-08-20,Viana do Castelo,Viana do Castelo (Sta. Luiza),2.1,17.9,317.0,28.0,23.0,,194.0,1496,43.075,https://www.procyclingstats.com/images/profiles/ca/ff/volta-a-portugal-2023-stage-10-profile-n2.png,https://www.procyclingstats.com/race/volta-a-portugal/2023/stage-10
PostNord Danmark Rundt - Tour of Denmark 2023 Stage 5 (ITT),2023-08-19,Helsingør,Helsingør,2.Pro,16.1,69.0,228.0,0.0,,94.0,1070,54.168,https://www.procyclingstats.com/images/profiles/ca/ef/tour-of-denmark-2023-stage-5-profile.jpg,https://www.procyclingstats.com/race/tour-of-denmark/2023/stage-5
World Championships ME - ITT 2023 Time Trial,2023-08-11,Stirling,Stirling,WC,47.8,280.0,392.0,15.0,21.0,51.0,3319,51.847,https://www.procyclingstats.com/images/profiles/ca/aa/world-championship-itt-2023-result-profile.jpg,https://www.procyclingstats.com/race/world-championship-itt/2023/result
Volta a Portugal em Bicicleta 2023 Prologue,2023-08-09,Viseu,Viseu,2.1,3.6,10.0,28.0,0.0,28.0,194.0,238,54.454,https://www.procyclingstats.com/images/profiles/ca/bf/volta-a-portugal-2023-prologue-profile.jpg,https://www.procyclingstats.com/race/volta-a-portugal/2023/prologue
Tour de Pologne 2023 Stage 6 (ITT),2023-08-03,Katowice,Katowice,2.UWT,16.6,127.0,500.0,3.0,20.0,36.0,1150,51.965,https://www.procyclingstats.com/images/profiles/ca/ca/tour-de-pologne-2023-stage-6-profile.jpg,https://www.procyclingstats.com/race/tour-de-pologne/2023/stage-6
Ethias-Tour de Wallonie 2023 Stage 4 (ITT),2023-07-25,Mons,Mons,2.Pro,32.7,280.0,251.0,3.0,19.0,94.0,2281,51.609,https://www.procyclingstats.com/images/profiles/ca/fe/tour-de-wallonie-2023-stage-4-profile.png,https://www.procyclingstats.com/race/tour-de-wallonie/2023/stage-4
Tour de France 2023 Stage 16 (ITT),2023-07-18,Passy,Combloux,2.UWT,22.4,636.0,1584.0,109.0,31.0,1.0,1956,41.227,https://www.procyclingstats.com/images/profiles/ca/fe/tour-de-france-2023-stage-16-profile-n2.png,https://www.procyclingstats.com/race/tour-de-france/2023/stage-16
National Championships Venezuela ME - ITT 2023 Time Trial,2023-07-14,San Juan de los Morros,San Juan de los Morros,NC,34.8,,0.0,,,775.0,2464,50.844,,https://www.procyclingstats.com/race/nc-venezuela-itt/2023/result
National Championships Portugal ME - ITT 2023 Time Trial,2023-06-23,Mogadouro,Mogadouro,NC,33.6,311.0,0.0,9.0,,772.0,2331,51.892,,https://www.procyclingstats.com/race/nc-portugal/2023/result
National Championships Germany ME - ITT 2023 Time Trial,2023-06-23,Donaueschingen,Bad Dürrheim,NC,32.2,252.0,0.0,9.0,,772.0,2332,49.708,,https://www.procyclingstats.com/race/nc-germany-itt/2023/result
National Championships Spain ME - ITT 2023 Time Trial,2023-06-23,Sevilla la Nueva,Sevilla la Nueva,NC,32.0,251.0,0.0,10.0,,772.0,2204,52.269,,https://www.procyclingstats.com/race/nc-spain-itt/2023/result
National Championships Belgium ME - ITT 2023 Time Trial,2023-06-22,Herzele,Herzele,NC,42.0,386.0,0.0,8.0,19.0,771.0,3112,48.586,https://www.procyclingstats.com/images/profiles/ca/ec/nc-belgium-itt-2023-result-profile.jpg,https://www.procyclingstats.com/race/nc-belgium-itt/2023/result
National Championships Norway ME - ITT 2023 Time Trial,2023-06-22,Oltedal,Oltedal,NC,21.6,109.0,0.0,2.0,17.0,771.0,1454,53.48,https://www.procyclingstats.com/images/profiles/ca/ce/nc-norway-itt-2023-result-profile.jpg,https://www.procyclingstats.com/race/nc-norway-itt/2023/result
National Championships Sweden ME - ITT 2023 Time Trial,2023-06-22,Björklinge,Björklinge,NC,29.7,132.0,0.0,0.0,25.0,771.0,2116,50.529,https://www.procyclingstats.com/images/profiles/ca/cc/nc-sweden-itt-2023-result-profile.jpg,https://www.procyclingstats.com/race/nc-sweden-itt/2023/result
National Championships Slovenia ME - ITT 2023 Time Trial,2023-06-22,Zgornje Gorje,Pokljuka,NC,15.7,744.0,0.0,115.0,26.0,771.0,1783,31.699,https://www.procyclingstats.com/images/profiles/ca/cd/nc-slovenia-itt-2023-result-profile.jpg,https://www.procyclingstats.com/race/nc-slovenia-itt/2023/result
National Championships United States ME - ITT 2023 Time Trial,2023-06-22,Oak Ridge,Oak Ridge,NC,34.9,346.0,0.0,22.0,,771.0,2439,51.513,https://www.procyclingstats.com/images/profiles/ca/ca/nc-usa-itt-2023-result-profile.jpg,https://www.procyclingstats.com/race/nc-usa-itt/2023/result
National Championships Denmark ME - ITT 2023 Time Trial,2023-06-22,Aalborg,Aalborg,NC,39.6,133.0,0.0,1.0,20.0,771.0,2742,51.991,https://www.procyclingstats.com/images/profiles/ca/bc/nc-denmark-itt-2023-result-profile.jpg,https://www.procyclingstats.com/race/nc-denmark-itt/2023/result
National Championships France ME - ITT 2023 Time Trial,2023-06-22,Hazebrouck,Cassel,NC,31.3,368.0,0.0,30.0,21.0,771.0,2376,47.424,https://www.procyclingstats.com/images/profiles/ca/fc/nc-france-itt-2023-result-profile.jpg,https://www.procyclingstats.com/race/nc-france-itt/2023/result
National Championships Italy ME - ITT 2023 Time Trial,2023-06-22,Sarche,Sarche,NC,25.7,438.0,0.0,42.0,,771.0,1968,47.012,https://www.procyclingstats.com/images/profiles/ca/da/nc-italy-itt-2023-result-profile.jpg,https://www.procyclingstats.com/race/nc-italy-itt/2023/result
National Championships Poland ME - ITT 2023 Time Trial,2023-06-22,Zalew Wykrot,Zalew Wykrot,NC,47.2,160.0,0.0,1.0,,771.0,3336,50.935,https://www.procyclingstats.com/images/profiles/ca/ec/nc-poland-itt-2023-result-profile.jpg,https://www.procyclingstats.com/race/nc-poland-itt/2023/result
National Championships Kazakhstan ME - ITT 2023 Time Trial,2023-06-21,Taldykorgan,Taldykorgan,NC,30.0,,0.0,,,770.0,2074,52.073,,https://www.procyclingstats.com/race/nc-kazakhstan-itt/2023/result
National Championships Great Britain ME - ITT 2023 Time Trial,2023-06-21,Croft Circuit,Croft Circuit,NC,41.1,165.0,0.0,0.0,,770.0,2930,50.498,https://www.procyclingstats.com/images/profiles/ca/cf/nc-great-britain-itt-2023-result-profile.jpg,https://www.procyclingstats.com/race/nc-great-britain-itt/2023/result
National Championships Netherlands ME - ITT 2023 Time Trial,2023-06-21,Elspeet,Elspeet,NC,42.0,220.0,0.0,1.0,25.0,770.0,2955,51.168,https://www.procyclingstats.com/images/profiles/ca/df/nc-netherlands-itt-2023-result-profile.jpg,https://www.procyclingstats.com/race/nc-netherlands-itt/2023/result
Tour de Suisse 2023 Stage 8 (ITT),2023-06-18,St. Gallen,Abtwil,2.UWT,25.7,363.0,855.0,37.0,27.0,17.0,1945,47.568,https://www.procyclingstats.com/images/profiles/ca/cf/tour-de-suisse-2023-stage-8-profile-n2.jpg,https://www.procyclingstats.com/race/tour-de-suisse/2023/stage-8
Baloise Belgium Tour 2023 Stage 3 (ITT),2023-06-16,Beveren,Beveren,2.Pro,15.2,37.0,323.0,0.0,28.0,68.0,1029,53.178,https://www.procyclingstats.com/images/profiles/ca/da/tour-of-belgium-2023-stage-3-profile-n2.jpg,https://www.procyclingstats.com/race/tour-of-belgium/2023/stage-3
Tour de Suisse 2023 Stage 1 (ITT),2023-06-11,Einsiedeln,Einsiedeln,2.UWT,12.7,76.0,855.0,2.0,23.0,17.0,811,56.375,https://www.procyclingstats.com/images/profiles/ca/ba/tour-de-suisse-2023-stage-1-profile.jpg,https://www.procyclingstats.com/race/tour-de-suisse/2023/stage-1
ZLM Tour 2023 Prologue,2023-06-07,Heinkenszand,Heinkenszand,2.Pro,6.6,6.0,122.0,0.0,18.0,151.0,447,53.154,https://www.procyclingstats.com/images/profiles/ca/df/zlm-tour-2023-stage-1-profile.jpg,https://www.procyclingstats.com/race/zlm-tour/2023/prologue
Critérium du Dauphiné 2023 Stage 4 (ITT),2023-06-07,Cours,Belmont-de-la-Loire,2.UWT,31.1,408.0,781.0,20.0,27.0,19.0,2248,49.804,https://www.procyclingstats.com/images/profiles/ca/ed/dauphine-2023-stage-4-profile.jpg,https://www.procyclingstats.com/race/dauphine/2023/stage-4
Giro d'Italia 2023 Stage 20 (ITT),2023-05-27,Tarvisio,Monte Lussari,2.UWT,18.6,1070.0,835.0,197.0,18.0,17.0,2663,25.145,https://www.procyclingstats.com/images/profiles/ca/ab/giro-d-italia-2023-stage-20-profile-n3.jpg,https://www.procyclingstats.com/race/giro-d-italia/2023/stage-20
National Championships Panama ME - ITT 2023 Time Trial,2023-05-26,Chitré,Chitré,NC,30.4,,0.0,,,747.0,2381,45.964,,https://www.procyclingstats.com/race/nc-panama-itt/2023/result
Tour of Norway 2023 Prologue,2023-05-26,Bergen,Mount Fløyen,2.Pro,7.4,321.0,182.0,70.0,10.0,122.0,868,30.691,https://www.procyclingstats.com/images/profiles/ca/ec/tour-of-norway-2023-prologue-profile.png,https://www.procyclingstats.com/race/tour-of-norway/2023/prologue
Boucles de la Mayenne - Crédit Mutuel 2023 Prologue,2023-05-25,Laval - Espace Mayenne,Laval - Espace Mayenne,2.Pro,4.1,141.0,194.0,4.0,21.0,120.0,317,46.562,https://www.procyclingstats.com/images/profiles/ca/ed/boucles-de-la-mayenne-2023-stage-1-profile.png,https://www.procyclingstats.com/race/boucles-de-la-mayenne/2023/prologue
4 Jours de Dunkerque / Grand Prix des Hauts de France 2023 Stage 3 (ITT),2023-05-18,Saint-Quentin,Saint-Quentin,2.Pro,15.9,129.0,276.0,4.0,16.0,92.0,1161,49.302,https://www.procyclingstats.com/images/profiles/ca/ca/4-jours-de-dunkerque-2023-stage-3-profile.jpg,https://www.procyclingstats.com/race/4-jours-de-dunkerque/2023/stage-3
Giro d'Italia 2023 Stage 9 (ITT),2023-05-14,Savignano sul Rubicone,Cesena,2.UWT,35.0,84.0,835.0,0.0,14.0,17.0,2484,50.725,https://www.procyclingstats.com/images/profiles/ca/ad/giro-d-italia-2023-stage-9-profile-n4.jpg,https://www.procyclingstats.com/race/giro-d-italia/2023/stage-9
Giro d'Italia 2023 Stage 1 (ITT),2023-05-06,Fossacesia Marina,Ortona,2.UWT,19.6,171.0,835.0,11.0,24.0,17.0,1278,55.211,https://www.procyclingstats.com/images/profiles/ca/ef/giro-d-italia-2023-stage-1-profile-n3.jpg,https://www.procyclingstats.com/race/giro-d-italia/2023/stage-1
Tour de Romandie 2023 Stage 3 (ITT),2023-04-28,Châtel-Saint-Denis,Châtel-Saint-Denis,2.UWT,18.75,377.0,539.0,44.0,17.0,34.0,1515,44.554,https://www.procyclingstats.com/images/profiles/ca/ea/tour-de-romandie-2023-stage-3-profile.png,https://www.procyclingstats.com/race/tour-de-romandie/2023/stage-3
Tour de Romandie 2023 Prologue,2023-04-25,Port-Valais,Port-Valais,2.UWT,6.82,10.0,539.0,0.0,12.0,34.0,445,55.173,https://www.procyclingstats.com/images/profiles/ca/ab/tour-de-romandie-2023-stage-0-profile.jpg,https://www.procyclingstats.com/race/tour-de-romandie/2023/stage-0
Continental Pan-Am Championships - ITT 2023 Time Trial,2023-04-19,Panama City,Panama City,CC,38.4,510.0,19.0,18.0,,254.0,2877,48.05,https://www.procyclingstats.com/images/profiles/ca/fb/panamerican-champ-itt-2023-result-profile.png,https://www.procyclingstats.com/race/panamerican-champ-itt/2023/result
Settimana Internazionale Coppi e Bartali 2023 Stage 5 (ITT),2023-03-25,Carpi,Carpi,2.1,18.6,43.0,122.0,0.0,22.0,154.0,1332,50.27,https://www.procyclingstats.com/images/profiles/ca/fc/settimana-internazionale-coppi-e-bartali-2023-stage-5-profile.jpg,https://www.procyclingstats.com/race/settimana-internazionale-coppi-e-bartali/2023/stage-5
Tirreno-Adriatico 2023 Stage 1 (ITT),2023-03-06,Lido di Camaiore,Lido di Camaiore,2.UWT,11.5,3.0,1044.0,0.0,13.0,4.0,748,55.348,https://www.procyclingstats.com/images/profiles/ca/cf/tirreno-adriatico-2023-stage-1-profile.jpg,https://www.procyclingstats.com/race/tirreno-adriatico/2023/stage-1
O Gran Camiño 2023 Stage 4 (ITT),2023-02-26,Novo Milladoiro,Santiago de Compostela,2.1,18.1,308.0,156.0,32.0,11.0,136.0,1427,45.662,https://www.procyclingstats.com/images/profiles/ca/ad/gran-camino-2023-stage-4-profile.jpg,https://www.procyclingstats.com/race/gran-camino/2023/stage-4
Volta ao Algarve em Bicicleta 2023 Stage 5 (ITT),2023-02-19,Lagoa,Lagoa,2.Pro,24.4,308.0,548.0,18.0,,33.0,1774,49.515,https://www.procyclingstats.com/images/profiles/ca/cb/volta-ao-algarve-2023-stage-5-profile.jpg,https://www.procyclingstats.com/race/volta-ao-algarve/2023/stage-5
National Championships South Africa ME - ITT 2023 Time Trial,2023-02-10,Oudtshoorn,Oudtshoorn,NC,28.0,111.0,5.0,0.0,,399.0,1932,52.174,,https://www.procyclingstats.com/race/nc-south-africa-itt/2023/result
Etoile de Bessèges - Tour du Gard 2023 Stage 5 (ITT),2023-02-05,Alès,Alès,2.1,10.66,170.0,418.0,22.0,,49.0,925,41.488,https://www.procyclingstats.com/images/profiles/ca/bf/etoile-de-besseges-2023-stage-5-sprint.jpg,https://www.procyclingstats.com/race/etoile-de-besseges/2023/stage-5
National Championships Colombia ME - ITT 2023 Time Trial,2023-02-02,Bucaramanga,Bucaramanga,NC,43.16,520.0,60.0,31.0,,186.0,3179,48.876,,https://www.procyclingstats.com/race/nc-colombia-itt/2023/result
Santos Tour Down Under 2023 Prologue,2023-01-17,Adelaide ,Adelaide ,2.UWT,5.5,39.0,482.0,0.0,,38.0,379,52.243,https://www.procyclingstats.com/images/profiles/ca/ae/tour-down-under-2023-prologue-profile.jpg,https://www.procyclingstats.com/race/tour-down-under/2023/prologue
National Championships Australia ME - ITT 2023 Time Trial,2023-01-10,Mount Helen,Mount Helen,NC,37.5,,15.0,,,273.0,2798,48.249,,https://www.procyclingstats.com/race/australian-open-road-championships-itt/2023/result
World Championships MJ - ITT 2022 Time Trial,2022-09-20,Wollongong,Wollongong,WC,28.8,306.0,0.0,18.0,,,2099,49.395,https://www.procyclingstats.com/images/profiles/ca/ac/uci-world-championships-itt-mj-2022-result-profile.jpg,https://www.procyclingstats.com/race/uci-world-championships-itt-mj/2022/result
World Championships MU - ITT 2022 Time Trial,2022-09-19,Wollongong,Wollongong,WC,28.8,306.0,19.0,18.0,,242.0,2053,50.502,https://www.procyclingstats.com/images/profiles/ca/ed/world-championships-itt-u23-2022-result-profile-n2.jpg,https://www.procyclingstats.com/race/world-championships-itt-u23/2022/result
World Championships ME - ITT 2022 Time Trial,2022-09-18,Wollongong,Wollongong,WC,34.2,324.0,324.0,17.0,,66.0,2402,51.257,https://www.procyclingstats.com/images/profiles/ca/cd/world-championship-itt-2022-result-profile.jpg,https://www.procyclingstats.com/race/world-championship-itt/2022/result
Škoda Tour Luxembourg 2022 Stage 4 (ITT),2022-09-16,Remich,Remich,2.Pro,26.1,303.0,177.0,38.0,,119.0,2045,45.946,https://www.procyclingstats.com/images/profiles/ca/ce/tour-de-luxembourg-2022-stage-4-profile.jpg,https://www.procyclingstats.com/race/tour-de-luxembourg/2022/stage-4
Okolo Slovenska / Tour de Slovaquie 2022 Prologue,2022-09-13,Bratislava,Bratislava,2.1,7.0,13.0,83.0,0.0,,165.0,453,55.629,https://www.procyclingstats.com/images/profiles/ca/ab/okolo-slovenska-2022-stage-1-profile.jpg,https://www.procyclingstats.com/race/okolo-slovenska/2022/prologue
La Vuelta ciclista a España 2022 Stage 10 (ITT),2022-08-30,Elche,Alicante,2.UWT,30.9,179.0,968.0,4.0,,9.0,1998,55.676,https://www.procyclingstats.com/images/profiles/ca/fc/vuelta-a-espana-2022-stage-10-profile-n2.jpg,https://www.procyclingstats.com/race/vuelta-a-espana/2022/stage-10
Tour Poitou - Charentes en Nouvelle Aquitaine 2022 Stage 4 (ITT),2022-08-25,Smarves,Vivonne,2.1,21.4,167.0,182.0,5.0,,120.0,1501,51.326,https://www.procyclingstats.com/images/profiles/ca/ed/tour-du-poitou-charentes-et-de-la-vienne-2022-stage-3b-profile-n2.jpg,https://www.procyclingstats.com/race/tour-du-poitou-charentes-et-de-la-vienne/2022/stage-4
Deutschland Tour 2022 Prologue,2022-08-24,Weimar,Weimar,2.Pro,2.6,17.0,473.0,1.0,,41.0,176,53.182,https://www.procyclingstats.com/images/profiles/ca/de/deutschland-tour-2022-prologue-profile-n2.jpg,https://www.procyclingstats.com/race/deutschland-tour/2022/prologue
PostNord Danmark Rundt - Tour of Denmark 2022 Stage 2 (ITT),2022-08-17,Assens,Assens,2.Pro,12.2,81.0,295.0,0.0,,75.0,815,53.89,https://www.procyclingstats.com/images/profiles/ca/ab/tour-of-denmark-2022-stage-2-profile.jpg,https://www.procyclingstats.com/race/tour-of-denmark/2022/stage-2
European Continental Championships ME - ITT 2022 Time Trial,2022-08-17,Fürstenfeldbruck,Fürstenfeldbruck,CC,24.0,,91.0,,,158.0,1626,53.137,,https://www.procyclingstats.com/race/uec-road-european-championships-itt/2022/result
Volta a Portugal em Bicicleta 2022 Stage 10 (ITT),2022-08-15,Porto,Vila Nova de Gaia,2.1,18.6,391.0,16.0,35.0,,254.0,1507,44.433,https://www.procyclingstats.com/images/profiles/ca/ee/volta-a-portugal-2022-stage-10-profile.jpg,https://www.procyclingstats.com/race/volta-a-portugal/2022/stage-10
Tour de Pologne 2022 Stage 6 (ITT),2022-08-04,Nowy Targ (Gronków),Stacja Narciarska Rusiński,2.UWT,11.8,337.0,466.0,28.0,,37.0,1060,40.075,https://www.procyclingstats.com/images/profiles/ca/cf/tour-de-pologne-2022-stage-6-profile.jpg,https://www.procyclingstats.com/race/tour-de-pologne/2022/stage-6
Volta a Portugal em Bicicleta 2022 Prologue,2022-08-04,Lisboa,Lisboa,2.1,5.4,5.0,16.0,0.0,,254.0,371,52.399,https://www.procyclingstats.com/images/profiles/ca/da/volta-a-portugal-2022-prologue-profile.jpg,https://www.procyclingstats.com/race/volta-a-portugal/2022/prologue
Tour de France 2022 Stage 20 (ITT),2022-07-23,Lacapelle-Marival,Rocamadour,2.UWT,40.7,434.0,1551.0,39.0,,1.0,2879,50.893,https://www.procyclingstats.com/images/profiles/ca/ba/tour-de-france-2022-stage-20-profile.jpg,https://www.procyclingstats.com/race/tour-de-france/2022/stage-20
Sibiu Cycling Tour 2022 Stage 3a (ITT),2022-07-05,Curmătura Stezii,Arena Platoş Păltiniş,2.1,12.5,664.0,77.0,106.0,,168.0,1607,28.002,https://www.procyclingstats.com/images/profiles/ca/ae/sibiu-cycling-tour-2022-stage-4a-profile.jpg,https://www.procyclingstats.com/race/sibiu-cycling-tour/2022/stage-3a
Sibiu Cycling Tour 2022 Prologue,2022-07-02,Sibiu,Sibiu,2.1,2.3,41.0,77.0,3.0,,168.0,163,50.798,https://www.procyclingstats.com/images/profiles/ca/bd/sibiu-cycling-tour-2022-stage-1-profile.jpg,https://www.procyclingstats.com/race/sibiu-cycling-tour/2022/prologue
Tour de France 2022 Stage 1 (ITT),2022-07-01,Copenhagen,Copenhagen,2.UWT,13.2,21.0,1551.0,0.0,,1.0,917,51.821,https://www.procyclingstats.com/images/profiles/ca/da/tour-de-france-2022-stage-1-profile.jpg,https://www.procyclingstats.com/race/tour-de-france/2022/stage-1
National Championships Spain ME - ITT 2022 Time Trial,2022-06-24,Cala Millor,Cala Millor,NC,38.5,382.0,48.0,10.0,,183.0,2783,49.802,,https://www.procyclingstats.com/race/nc-spain-itt/2022/result
National Championships Germany ME - ITT 2022 Time Trial,2022-06-24,Marsberg,Marsberg,NC,27.5,413.0,33.0,34.0,,201.0,2131,46.457,,https://www.procyclingstats.com/race/nc-germany-itt/2022/result
National Championships Luxembourg ME - ITT 2022 Time Trial,2022-06-24,Nospelt,Nospelt,NC,13.8,152.0,5.0,7.0,,368.0,1025,48.468,,https://www.procyclingstats.com/race/nc-luxembourg-itt/2022/result
National Championships Portugal ME - ITT 2022 Time Trial,2022-06-24,Mogadouro,Mogadouro,NC,33.6,309.0,39.0,9.0,,194.0,2423,49.922,,https://www.procyclingstats.com/race/nc-portugal/2022/result
National Championships Denmark ME - ITT 2022 Time Trial,2022-06-23,Aalborg,Aalborg,NC,39.6,133.0,67.0,1.0,,172.0,2785,51.189,,https://www.procyclingstats.com/race/nc-denmark-itt/2022/result
National Championships France ME - ITT 2022 Time Trial,2022-06-23,Cholet,Cholet,NC,44.3,408.0,35.0,9.0,,200.0,3050,52.289,,https://www.procyclingstats.com/race/nc-france-itt/2022/result
National Championships Belgium ME - ITT 2022 Time Trial,2022-06-23,Gavere,Gavere,NC,34.8,234.0,80.0,4.0,,166.0,2422,51.726,,https://www.procyclingstats.com/race/nc-belgium-itt/2022/result
National Championships Norway ME - ITT 2022 Time Trial,2022-06-23,Steinkjer,Steinkjer,NC,24.7,585.0,7.0,29.0,,342.0,1743,51.015,,https://www.procyclingstats.com/race/nc-norway-itt/2022/result
National Championships Great Britain ME - ITT 2022 Time Trial,2022-06-23,Dumfries,Dumfries,NC,44.2,265.0,27.0,2.0,,210.0,3038,52.377,,https://www.procyclingstats.com/race/nc-great-britain-itt/2022/result
National Championships Slovenia ME - ITT 2022 Time Trial,2022-06-23,Novo Mesto,Novo Mesto,NC,28.8,403.0,58.0,35.0,,180.0,2122,48.86,,https://www.procyclingstats.com/race/nc-slovenia-itt/2022/result
National Championships Switzerland ME - ITT 2022 Time Trial,2022-06-23,Steinmaur,Steinmaur,NC,38.0,451.0,62.0,19.0,,176.0,2820,48.511,,https://www.procyclingstats.com/race/nc-switzerland-itt/2022/result
National Championships United States ME - ITT 2022 Time Trial,2022-06-23,Knoxville,Knoxville,NC,34.9,346.0,6.0,18.0,,354.0,2439,51.513,,https://www.procyclingstats.com/race/nc-usa-itt/2022/result
National Championships Austria ME - ITT 2022 Time Trial,2022-06-23,Novo Mesto,Novo Mesto,NC,28.8,,10.0,,,307.0,2105,49.254,,https://www.procyclingstats.com/race/nc-austria-itt/2022/result
National Championships Sweden ME - ITT 2022 Time Trial,2022-06-23,Björklinge,Björklinge,NC,31.0,,2.0,,,441.0,2106,52.991,,https://www.procyclingstats.com/race/nc-sweden-itt/2022/result
National Championships Estonia ME - ITT 2022 Time Trial,2022-06-22,Kuremaa,Kuremaa,NC,34.8,125.0,8.0,0.0,,333.0,2500,50.112,,https://www.procyclingstats.com/race/nc-estonia-itt/2022/result
National Championships Poland ME - ITT 2022 Time Trial,2022-06-22,Leoncin,Leoncin,NC,51.0,245.0,4.0,5.0,,379.0,3618,50.746,,https://www.procyclingstats.com/race/nc-poland-itt/2022/result
National Championships Italy ME - ITT 2022 Time Trial,2022-06-22,San Giovanni al Natisone,San Giovanni al Natisone,NC,35.6,226.0,40.0,12.0,,194.0,2429,52.762,,https://www.procyclingstats.com/race/nc-italy-itt/2022/result
National Championships Netherlands ME - ITT 2022 Time Trial,2022-06-22,Emmen,Emmen,NC,29.6,77.0,41.0,0.0,,192.0,1983,53.737,,https://www.procyclingstats.com/race/nc-netherlands-itt/2022/result
Tour de Suisse 2022 Stage 8 (ITT),2022-06-19,Vaduz,Vaduz,2.UWT,25.6,131.0,767.0,3.0,,14.0,1706,54.021,https://www.procyclingstats.com/images/profiles/ca/bd/tour-de-suisse-2022-stage-8-profile.png,https://www.procyclingstats.com/race/tour-de-suisse/2022/stage-8
Baloise Belgium Tour 2022 Stage 3 (ITT),2022-06-17,Scherpenheuvel-Zichem,Scherpenheuvel-Zichem,2.Pro,11.8,49.0,382.0,0.0,,51.0,819,51.868,https://www.procyclingstats.com/images/profiles/ca/ee/tour-of-belgium-2022-stage-3-profile-n2.jpg,https://www.procyclingstats.com/race/tour-of-belgium/2022/stage-3
National Championships Venezuela ME - ITT 2022 Time Trial,2022-06-09,Valencia,Valencia,NC,42.0,,2.0,,,436.0,3350,45.134,,https://www.procyclingstats.com/race/nc-venezuela-itt/2022/result
Critérium du Dauphiné 2022 Stage 4 (ITT),2022-06-08,Montbrison,La Bâtie d’Urfé,2.UWT,31.9,96.0,789.0,1.0,,13.0,2132,53.865,https://www.procyclingstats.com/images/profiles/ca/ba/dauphine-2022-stage-4-profile.jpg,https://www.procyclingstats.com/race/dauphine/2022/stage-4
Tour of Estonia 2022 Prologue,2022-05-26,Tallinn,Tallinn,2.1,3.7,59.0,41.0,1.0,,190.0,314,42.42,https://www.procyclingstats.com/images/profiles/ca/df/tour-of-estonia-2022-stage-1-profile-n2.jpg,https://www.procyclingstats.com/race/tour-of-estonia/2022/prologue
Tour de Gironde International 2022 Stage 1a (ITT),2022-05-14,Saint Pierre-de-Bat,Porte de Banauge,2.1,9.5,117.0,0.0,1.0,,,667,51.274,https://www.procyclingstats.com/images/profiles/ca/de/Tour-de-Gironde-International-2022-stage-1-profile.jpg,https://www.procyclingstats.com/race/Tour-de-Gironde-International/2022/stage-1
Campeonato Panamericano de Ruta ME - ITT 2022 Time Trial,2022-05-12,Ullun,Presa Punta Negra,CC,46.6,,8.0,,,334.0,3473,48.304,,https://www.procyclingstats.com/race/panamerican-champ-itt/2022/result
Giro d'Italia 2022 Stage 2 (ITT),2022-05-07,Budapest,Budapest,2.UWT,9.2,81.0,817.0,8.0,,12.0,710,46.648,https://www.procyclingstats.com/images/profiles/ca/bb/giro-d-italia-2022-stage-2-profile-n2.jpg,https://www.procyclingstats.com/race/giro-d-italia/2022/stage-2
National Championships Panama ME - ITT 2022 Time Trial,2022-05-06,,,NC,34.7,,3.0,,,379.0,2616,47.752,,https://www.procyclingstats.com/race/nc-panama-itt/2022/result
Tour de Romandie 2022 Stage 5 (ITT),2022-05-01,Aigle,Villars,2.UWT,15.84,884.0,508.0,172.0,,34.0,2020,28.23,https://www.procyclingstats.com/images/profiles/ca/cc/tour-de-romandie-2022-stage-5-profile.jpg,https://www.procyclingstats.com/race/tour-de-romandie/2022/stage-5
Tour de Romandie 2022 Prologue,2022-04-26,Lausanne,Lausanne,2.UWT,5.12,39.0,508.0,0.0,,34.0,352,52.364,https://www.procyclingstats.com/images/profiles/ca/ac/tour-de-romandie-2022-prologue-profile.jpg,https://www.procyclingstats.com/race/tour-de-romandie/2022/prologue
Itzulia Basque Country 2022 Stage 1 (ITT),2022-04-04,Hondarribia,Hondarribia,2.UWT,7.51,100.0,741.0,7.0,,19.0,588,45.98,https://www.procyclingstats.com/images/profiles/ca/cf/itzulia-basque-country-2022-stage-1-profile.jpg,https://www.procyclingstats.com/race/itzulia-basque-country/2022/stage-1
Paris - Nice 2022 Stage 4 (ITT),2022-03-09,Domérat,Montluçon,2.UWT,13.4,188.0,1182.0,18.0,,3.0,980,49.224,https://www.procyclingstats.com/images/profiles/ca/ca/paris-nice-2022-stage-4-profile.jpg,https://www.procyclingstats.com/race/paris-nice/2022/stage-4
Tirreno-Adriatico 2022 Stage 1 (ITT),2022-03-07,Lido di Camaiore,Lido di Camaiore,2.UWT,13.9,4.0,1059.0,0.0,,10.0,917,54.569,https://www.procyclingstats.com/images/profiles/ca/cf/tirreno-adriatico-2022-stage-1-profile.jpg,https://www.procyclingstats.com/race/tirreno-adriatico/2022/stage-1
Gran Camiño 2022 Stage 4 (ITT),2022-02-27,Sarria ,Sarria ,2.1,15.8,208.0,225.0,20.0,,95.0,1219,46.661,https://www.procyclingstats.com/images/profiles/ca/ef/gran-camino-2022-stage-4-profile.jpg,https://www.procyclingstats.com/race/gran-camino/2022/stage-4
UAE Tour 2022 Stage 3 (ITT),2022-02-22,Ajman,Ajman,2.UWT,9.0,9.0,621.0,0.0,,33.0,583,55.575,https://www.procyclingstats.com/images/profiles/ca/ce/uae-tour-2022-stage-3-profile.jpg,https://www.procyclingstats.com/race/uae-tour/2022/stage-3
Volta ao Algarve em Bicicleta 2022 Stage 4 (ITT),2022-02-19,Vila Real de Santo António,Tavira,2.Pro,32.2,407.0,483.0,26.0,,37.0,2269,51.089,https://www.procyclingstats.com/images/profiles/ca/fd/volta-ao-algarve-2022-stage-4-profile.jpg,https://www.procyclingstats.com/race/volta-ao-algarve/2022/stage-4
National Championships New Zealand ME - ITT 2022 Time Trial,2022-02-11,Cambridge,Cambridge,NC,42.5,377.0,7.0,13.0,,315.0,3152,48.541,,https://www.procyclingstats.com/race/nc-new-zealand-itt/2022/result
Tour de la Provence 2022 Prologue,2022-02-10,Berre-l'Étang,Berre-l'Étang,2.Pro,7.1,14.0,318.0,0.0,,64.0,484,52.81,https://www.procyclingstats.com/images/profiles/ca/ad/tour-cycliste-international-la-provence-2022-prologue-profile.jpg,https://www.procyclingstats.com/race/tour-cycliste-international-la-provence/2022/prologue
National Championships Colombia ME - ITT 2022 Time Trial,2022-02-10,Pereira,Pereira,NC,38.3,139.0,18.0,1.0,,235.0,2607,52.888,,https://www.procyclingstats.com/race/nc-colombia-itt/2022/result
Etoile de Bessèges - Tour du Gard 2022 Stage 5 (ITT),2022-02-06,Alès,Alès l'Ermitage,2.1,10.64,171.0,367.0,20.0,,56.0,932,41.099,https://www.procyclingstats.com/images/profiles/ca/cd/etoile-de-besseges-2022-stage-5-profile.jpg,https://www.procyclingstats.com/race/etoile-de-besseges/2022/stage-5
National Championships Australia ME - ITT 2022 Time Trial,2022-01-12,Ballarat,Ballarat,NC,37.5,,8.0,,,299.0,2734,49.378,,https://www.procyclingstats.com/race/australian-open-road-championships-itt/2022/result
National Championships Great Britain ME - ITT 2021 Time Trial,2021-10-14,Lincoln,Lincoln,NC,44.7,579.0,49.0,31.0,,170.0,3401,47.315,,https://www.procyclingstats.com/race/nc-great-britain-itt/2021/result
SPIE Internationale Juniorendriedaagse 2021 Stage 2a (ITT),2021-10-09,Axel,Axel,2.1,12.2,16.0,0.0,0.0,,,866,50.716,https://www.procyclingstats.com/images/profiles/ap/cd/driedaagse-van-axel-2021-stage-2a-profile-6d56f41c7c.jpg,https://www.procyclingstats.com/race/spie-internationale-junioren-driedaagse/2021/stage-2a
World Championships MJ - ITT 2021 Time Trial,2021-09-21,Knokke-Heist,Bruges,WC,22.3,26.0,0.0,0.0,,,1537,52.232,https://www.procyclingstats.com/images/profiles/ap/aa/uci-world-championships-itt-mj-2020-result-profile-7a6596921e.jpg,https://www.procyclingstats.com/race/uci-world-championships-itt-mj/2021/result
World Championships MU - ITT 2021 Time Trial,2021-09-20,Knokke-Heist,Bruges,WC,30.3,27.0,27.0,0.0,,179.0,2069,52.721,https://www.procyclingstats.com/images/profiles/ap/dc/world-championships-itt-u23-2020-result-profile-219ba97e7f.jpg,https://www.procyclingstats.com/race/world-championships-itt-u23/2021/result
World Championships ME - ITT 2021 Time Trial,2021-09-19,Knokke-Heist,Bruges,WC,43.3,34.0,351.0,0.0,,48.0,2867,54.37,https://www.procyclingstats.com/images/profiles/ap/fa/world-championship-itt-2021-result-profile-8d0e30d62f.png,https://www.procyclingstats.com/race/world-championship-itt/2021/result
Škoda-Tour de Luxembourg 2021 Stage 4 (ITT),2021-09-17,Dudelange,Dudelange,2.Pro,25.4,287.0,407.0,12.0,,42.0,1853,49.347,https://www.procyclingstats.com/images/profiles/ap/ab/tour-de-luxembourg-2021-stage-4-profile-f1afd818b9.jpg,https://www.procyclingstats.com/race/tour-de-luxembourg/2021/stage-4
Okolo Slovenska / Tour de Slovaquie 2021 Prologue,2021-09-15,Košice,Košice,2.1,1.6,7.0,132.0,0.0,,110.0,110,52.364,https://www.procyclingstats.com/images/profiles/ap/fa/okolo-slovenska-2021-prologue-profile-076f12da76.jpg,https://www.procyclingstats.com/race/okolo-slovenska/2021/prologue
European Continental Championships MU - ITT 2021 Time Trial,2021-09-09,Trento,Trento,CC,22.4,50.0,13.0,,,227.0,1535,52.534,https://www.procyclingstats.com/images/profiles/ap/ef/european-championships-itt-u23-2021-result-profile-a0dd787765.jpg,https://www.procyclingstats.com/race/european-continental-championships-u23-itt/2021/result
European Continental Championships ME - ITT 2021 Time Trial,2021-09-09,Trento,Trento,CC,22.4,50.0,257.0,0.0,,63.0,1469,54.894,https://www.procyclingstats.com/images/profiles/ap/ac/uec-road-european-championships-itt-2021-result-profile-61feb6153d.jpg,https://www.procyclingstats.com/race/uec-road-european-championships-itt/2021/result
La Vuelta ciclista a España 2021 Stage 21 (ITT),2021-09-05,Padrón,Santiago de Compostela,2.UWT,33.8,641.0,1023.0,56.0,,10.0,2642,46.056,https://www.procyclingstats.com/images/profiles/ap/cd/vuelta-a-espana-2021-stage-21-profile-n2-e69624cb90.jpg,https://www.procyclingstats.com/race/vuelta-a-espana/2021/stage-21
Benelux Tour 2021 Stage 2 (ITT),2021-08-31,Lelystad,Lelystad,2.UWT,11.1,3.0,648.0,0.0,,24.0,728,54.89,https://www.procyclingstats.com/images/profiles/ap/ad/benelux-tour-2021-stage-2-profile-d01a366652.jpg,https://www.procyclingstats.com/race/renewi-tour/2021/stage-2
Turul Romaniei 2021 Prologue,2021-08-31,Timișoara,Timișoara,2.1,4.0,117.0,31.0,0.0,,170.0,291,49.485,https://www.procyclingstats.com/images/profiles/ap/ff/romanian-cycling-tour-2021-stage-1-profile-6ab3f1ff7a.jpg,https://www.procyclingstats.com/race/turul-romaniei/2021/prologue
Tour Poitou - Charentes en Nouvelle Aquitaine 2021 Stage 4 (ITT),2021-08-26,Monts-sur-Guesnes,Loudun,2.1,23.5,110.0,164.0,0.0,,85.0,1675,50.507,https://www.procyclingstats.com/images/profiles/ap/bc/tour-du-poitou-charentes-et-de-la-vienne-2021-stage-3b-profile-37442cbcec.jpg,https://www.procyclingstats.com/race/tour-du-poitou-charentes-et-de-la-vienne/2021/stage-4
Volta a Portugal em Bicicleta Santander 2021 Stage 10 (ITT),2021-08-15,Viseu ,Viseu ,2.1,20.3,255.0,52.0,16.0,,135.0,1524,47.953,https://www.procyclingstats.com/images/profiles/ap/fe/volta-a-portugal-2021-stage-10-profile-bc69738d6a.jpg,https://www.procyclingstats.com/race/volta-a-portugal/2021/stage-10
PostNord Danmark Rundt - Tour of Denmark 2021 Stage 5 (ITT),2021-08-14,Frederiksberg,Frederiksberg,2.Pro,10.8,31.0,186.0,0.0,,78.0,733,53.042,https://www.procyclingstats.com/images/profiles/ap/db/tour-of-denmark-2021-stage-5-profile-n2-a9e6dee841.jpg,https://www.procyclingstats.com/race/tour-of-denmark/2021/stage-5
La Vuelta ciclista a España 2021 Stage 1 (ITT),2021-08-14,Burgos,Burgos,2.UWT,7.1,87.0,1023.0,9.0,,10.0,512,49.922,https://www.procyclingstats.com/images/profiles/ap/cc/vuelta-a-espana-2021-stage-1-profile-n2-0690a4252d.jpg,https://www.procyclingstats.com/race/vuelta-a-espana/2021/stage-1
Tour de Pologne 2021 Stage 6 (ITT),2021-08-14,Katowice,Katowice,2.UWT,19.1,126.0,442.0,3.0,,39.0,1331,51.66,https://www.procyclingstats.com/images/profiles/ap/ec/tour-de-pologne-2021-stage-6-profile-5357558fa3.jpg,https://www.procyclingstats.com/race/tour-de-pologne/2021/stage-6
Pan American Championships - ITT 2021 Time Trial,2021-08-13,,,CC,40.0,,5.0,,,270.0,2949,48.83,,https://www.procyclingstats.com/race/panamerican-champ-itt/2021/result
National Championships Sweden ME - ITT 2021 Time Trial,2021-08-05,Lekeryd,Lekeryd,NC,32.0,,1.0,,,363.0,2311,49.849,,https://www.procyclingstats.com/race/nc-sweden-itt/2021/result
Volta a Portugal em Bicicleta Santander 2021 Prologue,2021-08-04,Lisboa,Lisboa,2.1,5.4,6.0,52.0,0.0,,135.0,370,52.541,https://www.procyclingstats.com/images/profiles/ap/ea/volta-a-portugal-2021-prologue-profile-99fff4380a.jpg,https://www.procyclingstats.com/race/volta-a-portugal/2021/prologue
Olympic Games - ITT 2021 Time Trial,2021-07-28,Fuji International Speedway,Fuji International Speedway,Olympics,44.2,746.0,487.0,54.0,,35.0,3304,48.16,https://www.procyclingstats.com/images/profiles/ap/cf/olympic-games-itt-2021-result-profile-0b43810bc0.jpg,https://www.procyclingstats.com/race/olympic-games-itt/2021/result
National Championships France MU - ITT 2021 Time Trial,2021-07-28,Lorrez-le-Bocage-Préaux,Lorrez-le-Bocage-Préaux,NC,21.6,183.0,1.0,9.0,,358.0,1676,46.396,,https://www.procyclingstats.com/race/nc-france-itt-u23/2021/result
Tour de France 2021 Stage 20 (ITT),2021-07-17,Libourne,Saint-Émilion,2.UWT,30.8,246.0,1646.0,8.0,,1.0,2153,51.5,https://www.procyclingstats.com/images/profiles/ap/cb/tour-de-france-2021-stage-20-profile-1a0990a2a6.jpg,https://www.procyclingstats.com/race/tour-de-france/2021/stage-20
Tour de France 2021 Stage 5 (ITT),2021-06-30,Changé,Laval Espace Mayenne,2.UWT,27.2,356.0,1646.0,17.0,,1.0,1920,51.0,https://www.procyclingstats.com/images/profiles/ap/ee/tour-de-france-2021-stage-5-profile-b89e49b16a.jpg,https://www.procyclingstats.com/race/tour-de-france/2021/stage-5
National Championships Germany ME - ITT 2021 Time Trial,2021-06-19,Öschelbronn,Öschelbronn,NC,30.5,339.0,18.0,14.0,,181.0,2185,50.252,,https://www.procyclingstats.com/race/nc-germany-itt/2021/result
National Championships Austria ME - ITT 2021 Time Trial,2021-06-19,Kufstein,Kufstein,NC,27.7,,7.0,,,222.0,1961,50.852,,https://www.procyclingstats.com/race/nc-austria-itt/2021/result
National Championships Portugal ME - ITT 2021 Time Trial,2021-06-18,Vila Velha de Rodão,Vila Velha de Rodão,NC,30.5,343.0,52.0,18.0,,125.0,2180,50.367,,https://www.procyclingstats.com/race/nc-portugal/2021/result
National Championships Italy ME - ITT 2021 Time Trial,2021-06-18,,,NC,45.7,1167.0,39.0,117.0,,137.0,3520,46.739,,https://www.procyclingstats.com/race/nc-italy-itt/2021/result
National Championships Spain ME - ITT 2021 Time Trial,2021-06-18,Busot,Busot,NC,32.1,489.0,79.0,33.0,,109.0,2419,47.772,,https://www.procyclingstats.com/race/nc-spain-itt/2021/result
National Championships United States ME - ITT 2021 Time Trial,2021-06-17,Knoxville,Knoxville,NC,34.9,346.0,10.0,18.0,,199.0,2493,50.397,,https://www.procyclingstats.com/race/nc-usa-itt/2021/result
National Championships Russia ME - ITT 2021 Time Trial,2021-06-17,Penza,Penza,NC,40.0,,58.0,,,117.0,3468,41.522,,https://www.procyclingstats.com/race/nc-russia-itt/2021/result
National Championships Poland ME - ITT 2021 Time Trial,2021-06-17,Chmielno,Chmielno,NC,46.0,439.0,8.0,17.0,,211.0,3311,50.015,,https://www.procyclingstats.com/race/nc-poland-itt/2021/result
National Championships Colombia ME - ITT 2021 Time Trial,2021-06-17,La Virginia,La Virginia,NC,38.7,139.0,4.0,1.0,,250.0,2609,53.4,,https://www.procyclingstats.com/race/nc-colombia-itt/2021/result
National Championships France ME - ITT 2021 Time Trial,2021-06-17,Thaon-les-Vosges,Épinal,NC,45.6,449.0,54.0,16.0,,123.0,3316,49.505,,https://www.procyclingstats.com/race/nc-france-itt/2021/result
National Championships Slovenia ME - ITT 2021 Time Trial,2021-06-17,Koper,Koper,NC,31.5,365.0,54.0,24.0,,120.0,2227,50.921,,https://www.procyclingstats.com/race/nc-slovenia-itt/2021/result
National Championships Czech Republic ME - ITT 2021 Time Trial,2021-06-17,Podluzany,Podluzany,NC,40.0,220.0,11.0,2.0,,194.0,2888,49.861,,https://www.procyclingstats.com/race/nc-czech-republic-itt/2021/result
National Championships Denmark ME - ITT 2021 Time Trial,2021-06-17,Give,Give,NC,47.8,499.0,31.0,6.0,,147.0,3454,49.82,,https://www.procyclingstats.com/race/nc-denmark-itt/2021/result
National Championships Norway ME - ITT 2021 Time Trial,2021-06-17,Evje,Evje,NC,50.22,389.0,16.0,8.0,,186.0,3414,52.956,,https://www.procyclingstats.com/race/nc-norway-itt/2021/result
National Championships Netherlands ME - ITT 2021 Time Trial,2021-06-16,Emmen,Emmen,NC,29.6,143.0,25.0,2.0,,157.0,2166,49.197,,https://www.procyclingstats.com/race/nc-netherlands-itt/2021/result
National Championships Switzerland ME - ITT 2021 Time Trial,2021-06-16,Le Chalet-à-Gobet,Le Chalet-à-Gobet,NC,39.6,569.0,44.0,32.0,,124.0,2908,49.023,,https://www.procyclingstats.com/race/nc-switzerland-itt/2021/result
National Championships Belgium ME - ITT 2021 Time Trial,2021-06-16,Ingelmunster,Ingelmunster,NC,37.6,94.0,63.0,0.0,,116.0,2688,50.357,,https://www.procyclingstats.com/race/nc-belgium-itt/2021/result
National Championships Netherlands U23 - ITT 2021 Time Trial,2021-06-16,Emmen,Emmen,NC,29.6,143.0,3.0,2.0,,265.0,2236,47.657,,https://www.procyclingstats.com/race/nc-netherlands-tt-espoirs/2021/result
Tour de Suisse 2021 Stage 7 (ITT),2021-06-12,Disentis Sedrun,Andermatt,2.UWT,23.2,654.0,670.0,85.0,,21.0,2162,38.631,https://www.procyclingstats.com/images/profiles/ap/ed/tour-de-suisse-2021-stage-7-profile-c18c565cb7.jpg,https://www.procyclingstats.com/race/tour-de-suisse/2021/stage-7
National Championships Panama ME - ITT 2021 Time Trial,2021-06-11,Zanguenga,Cerro Cama,NC,25.8,,3.0,,,260.0,2040,45.529,,https://www.procyclingstats.com/race/nc-panama-itt/2021/result
Baloise Belgium Tour 2021 Stage 2 (ITT),2021-06-10,Knokke-Heist,Knokke-Heist,2.Pro,11.2,6.0,397.0,0.0,,41.0,720,56.0,https://www.procyclingstats.com/images/profiles/ap/fb/tour-of-belgium-2021-stage-2-profile-fcdddbeb19.jpg,https://www.procyclingstats.com/race/tour-of-belgium/2021/stage-2
Tour de Suisse 2021 Stage 1 (ITT),2021-06-06,Frauenfeld,Frauenfeld,2.UWT,10.9,36.0,670.0,0.0,,21.0,720,54.5,https://www.procyclingstats.com/images/profiles/ap/fb/tour-de-suisse-2021-stage-1-profile-052caa2fcc.jpg,https://www.procyclingstats.com/race/tour-de-suisse/2021/stage-1
Critérium du Dauphiné 2021 Stage 4 (ITT),2021-06-02,Firminy,Roche-La-Molière,2.UWT,16.4,317.0,790.0,29.0,,15.0,1296,45.556,https://www.procyclingstats.com/images/profiles/ap/cb/dauphine-2021-stage-4-profile-9122f14587.jpg,https://www.procyclingstats.com/race/dauphine/2021/stage-4
Volta ao Algarve em Bicicleta 2021 Stage 4 (ITT),2021-05-08,Lagoa,Lagoa,2.Pro,20.3,237.0,302.0,16.0,,48.0,1432,51.034,https://www.procyclingstats.com/images/profiles/ap/ed/volta-ao-algarve-2021-stage-4-profile-0f25e5fde2.jpg,https://www.procyclingstats.com/race/volta-ao-algarve/2021/stage-4
Giro d'Italia 2021 Stage 1 (ITT),2021-05-08,Turin,Turin,2.UWT,8.6,48.0,885.0,1.0,,11.0,527,58.748,https://www.procyclingstats.com/images/profiles/ap/ab/giro-d-italia-2021-stage-1-profile-n2-421e134e54.jpg,https://www.procyclingstats.com/race/giro-d-italia/2021/stage-1
Tour du Rwanda 2021 Stage 7 (ITT),2021-05-08,Kigali ,Kwa Mutwe,2.1,4.5,108.0,39.0,12.0,,109.0,387,41.86,https://www.procyclingstats.com/images/profiles/ap/fb/tour-of-rwanda-2021-stage-7-profile-f9808b80fe.jpg,https://www.procyclingstats.com/race/tour-of-rwanda/2021/stage-7
Tour de Romandie 2021 Prologue,2021-04-27,Oron,Oron,2.UWT,4.05,82.0,560.0,12.0,,28.0,326,44.724,https://www.procyclingstats.com/images/profiles/ap/ba/tour-de-romandie-2021-stage-1-profile-n2-385fe10ef6.jpg,https://www.procyclingstats.com/race/tour-de-romandie/2021/prologue
Volta a la Comunitat Valenciana 2021 Stage 4 (ITT),2021-04-17,Xilxes,Playa Almenara,2.Pro,14.3,59.0,207.0,0.0,,61.0,972,52.963,https://www.procyclingstats.com/images/profiles/ap/ca/vuelta-a-la-comunidad-valenciana-2021-stage-4-profile-5f234ea026.jpg,https://www.procyclingstats.com/race/vuelta-a-la-comunidad-valenciana/2021/stage-4
Itzulia Basque Country 2021 Stage 1 (ITT),2021-04-05,Bilbao,Bilbao,2.UWT,13.89,318.0,936.0,34.0,,7.0,1037,48.22,https://www.procyclingstats.com/images/profiles/ap/bb/itzulia-basque-country-2021-stage-1-profile-93b4bd5d7c.jpg,https://www.procyclingstats.com/race/itzulia-basque-country/2021/stage-1
Volta Ciclista a Catalunya 2021 Stage 2 (ITT),2021-03-23,Banyoles,Banyoles,2.UWT,18.5,198.0,772.0,12.0,,10.0,1347,49.443,https://www.procyclingstats.com/images/profiles/ap/bb/volta-a-catalunya-2021-stage-2-profile-n2-a0bcdc9f60.jpg,https://www.procyclingstats.com/race/volta-a-catalunya/2021/stage-2
National Championships South Africa ME - ITT 2021 Time Trial,2021-03-19,Swellendam,Swellendam,NC,40.0,621.0,8.0,45.0,,165.0,3084,46.693,,https://www.procyclingstats.com/race/nc-south-africa-itt/2021/result
Paris - Nice 2021 Stage 3 (ITT),2021-03-09,Gien,Gien,2.UWT,14.4,102.0,1044.0,13.0,,4.0,1054,49.184,https://www.procyclingstats.com/images/profiles/ap/ed/paris-nice-2021-stage-3-profile-be77e1b002.jpg,https://www.procyclingstats.com/race/paris-nice/2021/stage-3
African Continental Championships ME - ITT 2021 Time Trial,2021-03-03,Cairo,Cairo,CC,42.0,,9.0,77.0,,160.0,3371,44.853,https://www.procyclingstats.com/images/profiles/ap/ee/african-continental-championships-itt-2021-profile-22da44d3e2.jpg,https://www.procyclingstats.com/race/african-continental-championships-itt/2021/result
UAE Tour 2021 Stage 2 (ITT),2021-02-22,Al Hudayriat Island,Al Hudayriat Island,2.UWT,13.0,94.0,755.0,0.0,,10.0,836,55.981,https://www.procyclingstats.com/images/profiles/ap/ec/uae-tour-2021-stage-2-profile-ce41e08df9.jpg,https://www.procyclingstats.com/race/uae-tour/2021/stage-2
National Championships New Zealand MU - ITT 2021 Time Trial,2021-02-12,Roto-o-Rangi,Roto-o-Rangi,NC,44.2,,1.0,,,259.0,3247,49.005,,https://www.procyclingstats.com/race/nc-new-zealand-itt-u23/2021/result
National Championships Australia ME - ITT 2021 Time Trial,2021-02-03,Ballarat,Ballarat,NC,37.5,,8.0,,,170.0,2760,48.913,,https://www.procyclingstats.com/race/australian-open-road-championships-itt/2021/result
National Championships Venezuela ME - ITT 2020 Time Trial,2020-11-16,Valencia,Valencia,NC,26.0,,1.0,,,266.0,1959,47.779,,https://www.procyclingstats.com/race/nc-venezuela-itt/2020/result
La Vuelta ciclista a España 2020 Stage 13 (ITT),2020-11-03,Muros,Mirador de Ézaro,2.UWT,33.7,536.0,692.0,65.0,,14.0,2799,43.344,https://www.procyclingstats.com/images/profiles/ap/ab/vuelta-a-espana-2020-stage-13-profile-n2-ceb633f07c.jpg,https://www.procyclingstats.com/race/vuelta-a-espana/2020/stage-13
National Championships France MU - ITT 2020 Time Trial,2020-10-22,Gray,Gray,NC,31.3,231.0,0.0,5.0,,542.0,2307,48.843,,https://www.procyclingstats.com/race/nc-france-itt-u23/2020/result
Giro d'Italia 2020 Stage 14 (ITT),2020-10-17,Conegliano,Valdobbiadene,2.UWT,34.1,716.0,765.0,63.0,,8.0,2560,47.953,https://www.procyclingstats.com/images/profiles/ap/af/giro-d-italia-2020-stage-14-profile-b9efe4095a.jpg,https://www.procyclingstats.com/race/giro-d-italia/2020/stage-14
National Championships Panama ME - ITT 2020 Time Trial,2020-10-16,,,NC,31.5,,0.0,,,268.0,2689,42.172,,https://www.procyclingstats.com/race/nc-panama-itt/2020/result
Giro d'Italia 2020 Stage 1 (ITT),2020-10-03,Monreale,Palermo,2.UWT,15.1,74.0,765.0,6.0,,8.0,924,58.831,https://www.procyclingstats.com/images/profiles/ap/bc/giro-d-italia-2020-stage-1-profile-n3-0bb2c3a21b.jpg,https://www.procyclingstats.com/race/giro-d-italia/2020/stage-1
National Championships Denmark ME - ITT 2020 Time Trial,2020-10-03,Skælskør,Skælskør,NC,44.0,120.0,13.0,0.0,,176.0,3159,50.142,,https://www.procyclingstats.com/race/nc-denmark-itt/2020/result
BinckBank Tour 2020 Stage 4 (ITT),2020-10-02,Riemst,Riemst,2.UWT,8.14,178.0,469.0,11.0,,23.0,599,48.922,https://www.procyclingstats.com/images/profiles/ap/bc/binckbank-tour-2020-stage-4-profile-n2-1c9859c231.jpg,https://www.procyclingstats.com/race/renewi-tour/2020/stage-4
Volta a Portugal em Bicicleta Edição Especial 2020 Prologue,2020-09-27,Fafe,Fafe,2.1,7.0,132.0,53.0,22.0,,116.0,579,43.523,https://www.procyclingstats.com/images/profiles/ap/fd/volta-a-portugal-2020-stage-4-profile-31ad41ef78.jpg,https://www.procyclingstats.com/race/volta-a-portugal/2020/prologue
World Championships ME - ITT 2020 Time Trial,2020-09-25,Imola,Imola,WC,31.7,384.0,185.0,28.0,,59.0,2154,52.981,https://www.procyclingstats.com/images/profiles/ap/ac/world-championship-itt-2020-result-profile-7fe2e8e33c.jpg,https://www.procyclingstats.com/race/world-championship-itt/2020/result
Tour de France 2020 Stage 20 (ITT),2020-09-19,Lure,La Planche des Belles Filles,2.UWT,36.2,962.0,1662.0,135.0,,1.0,3355,38.844,https://www.procyclingstats.com/images/profiles/ap/fd/tour-de-france-2020-stage-20-profile-n2-edebcaa25e.jpg,https://www.procyclingstats.com/race/tour-de-france/2020/stage-20
Okolo Slovenska / Tour de Slovaquie 2020 Stage 1b (ITT),2020-09-16,Žilina,Žilina,2.1,7.1,69.0,93.0,6.0,,88.0,475,53.811,https://www.procyclingstats.com/images/profiles/ap/be/okolo-slovenska-2020-stage-1b-profile-e7d0e968b7.jpg,https://www.procyclingstats.com/race/okolo-slovenska/2020/stage-1b
National Championships Spain MJ - ITT 2020 Time Trial,2020-09-04,Llucmajor,Llucmajor,NC,21.6,,0.0,,,,1571,49.497,,https://www.procyclingstats.com/race/nc-spain-mj-itt/2020/result
Tour Poitou-Charentes en Nouvelle Aquitaine 2020 Stage 3b (ITT),2020-08-29,Futuroscope ,Jaunay-Marigny,2.1,22.5,227.0,144.0,1.0,,79.0,1561,51.89,https://www.procyclingstats.com/images/profiles/ap/af/tour-du-poitou-charentes-et-de-la-vienne-2020-stage-3b-profile-dbaee18f4c.jpg,https://www.procyclingstats.com/race/tour-du-poitou-charentes-et-de-la-vienne/2020/stage-3b
European Continental Championships MU - ITT 2020 Time Trial,2020-08-24,Plouay,Plouay,CC,25.6,312.0,6.0,,,210.0,1858,49.602,https://www.procyclingstats.com/images/profiles/ap/bc/european-championships-itt-u23-2020-map-d38ee6a269.jpg,https://www.procyclingstats.com/race/european-continental-championships-u23-itt/2020/result
European Continental Championships MJ - ITT 2020 Time Trial,2020-08-24,Plouay,Plouay,CC,25.6,312.0,0.0,,,,1959,47.044,https://www.procyclingstats.com/images/profiles/ap/ea/european-championship-itt-mj-2020-map-4c6de9677c.jpg,https://www.procyclingstats.com/race/european-championship-itt-mj/2020/result
European Continental Championships ME - ITT 2020 Time Trial,2020-08-24,Plouay,Plouay,CC,25.6,312.0,66.0,,,109.0,1818,50.693,https://www.procyclingstats.com/images/profiles/ap/aa/uec-road-european-championships-itt-2020-map-7566c01986.jpg,https://www.procyclingstats.com/race/uec-road-european-championships-itt/2020/result
National Championships Austria ME - ITT 2020 Time Trial,2020-08-22,Lutzmannsburg,Lutzmannsburg,NC,28.5,,5.0,,,203.0,2144,47.854,,https://www.procyclingstats.com/race/nc-austria-itt/2020/result
National Championships Spain ME - ITT 2020 Time Trial,2020-08-21,Cazorla,La Iruela,NC,45.3,992.0,36.0,98.0,,128.0,3812,42.781,https://www.procyclingstats.com/images/profiles/ap/cf/nc-spain-itt-2020-map-n2-924e2ab452.jpg,https://www.procyclingstats.com/race/nc-spain-itt/2020/result
National Championships Italy ME - ITT 2020 Time Trial,2020-08-21,Bassano del Grappa,Cittadella,NC,38.8,211.0,19.0,12.0,,141.0,2700,51.733,,https://www.procyclingstats.com/race/nc-italy-itt/2020/result
National Championships France ME - ITT 2020 Time Trial,2020-08-21,Locminé,Grand-Champ,NC,43.6,526.0,29.0,15.0,,141.0,3282,47.824,https://www.procyclingstats.com/images/profiles/ap/fd/nc-france-itt-2020-map-57bcc42978.jpg,https://www.procyclingstats.com/race/nc-france-itt/2020/result
National Championships Luxembourg ME - ITT 2020 Time Trial,2020-08-20,Mamer,Mamer,NC,21.0,318.0,6.0,26.0,,202.0,1579,47.878,,https://www.procyclingstats.com/race/nc-luxembourg-itt/2020/result
National Championships Poland ME - ITT 2020 Time Trial,2020-08-20,Busko Zdrój,Busko Zdrój,NC,42.5,173.0,6.0,0.0,,202.0,2946,51.935,,https://www.procyclingstats.com/race/nc-poland-itt/2020/result
National Championships Belgium ME - ITT 2020 Time Trial,2020-08-20,Koksijde,Koksijde,NC,42.1,34.0,27.0,0.0,,115.0,3010,50.352,,https://www.procyclingstats.com/race/nc-belgium-itt/2020/result
National Championships Czech Republic ME - ITT 2020 Time Trial,2020-08-20,Mlada Boleslav,Mlada Boleslav,NC,40.0,252.0,7.0,3.0,,193.0,2772,51.948,,https://www.procyclingstats.com/race/nc-czech-republic-itt/2020/result
National Championships Romania ME - ITT 2020 Time Trial,2020-08-15,Brănișca,Brănișca,NC,30.0,,8.0,,,211.0,2044,52.838,,https://www.procyclingstats.com/race/nc-romania-itt/2020/result
National Championships Portugal ME - ITT 2020 Time Trial,2020-08-14,Gandra,Baltar,NC,18.1,283.0,23.0,22.0,,141.0,1425,45.726,,https://www.procyclingstats.com/race/nc-portugal/2020/result
Sibiu Cycling Tour 2020 Stage 3a (ITT),2020-07-26,Curmătura Ștezii,Arena Platos,2.1,12.5,906.0,118.0,24.0,,91.0,1571,28.644,https://www.procyclingstats.com/images/profiles/ap/ad/sibiu-cycling-tour-2020-stage-3a-finish-ca9c8c5a34.jpg,https://www.procyclingstats.com/race/sibiu-cycling-tour/2020/stage-3a
National Championships Norway ME - ITT 2020 Time Trial,2020-07-25,Langangen,Langangen,NC,35.0,493.0,6.0,20.0,,265.0,2523,49.941,,https://www.procyclingstats.com/race/nc-norway-itt/2020/result
National Championships Sweden ME - ITT 2020 Time Trial,2020-07-25,Lekeyrd,Lekeyrd,NC,32.0,,3.0,,,283.0,2315,49.762,,https://www.procyclingstats.com/race/nc-sweden-itt/2020/result
Sibiu Cycling Tour 2020 Prologue,2020-07-23,Sibiu,Sibiu,2.1,2.5,11.0,118.0,0.0,,91.0,214,42.056,https://www.procyclingstats.com/images/profiles/ap/fc/sibiu-cycling-tour-2020-prologue-profile-c086391ec1.jpg,https://www.procyclingstats.com/race/sibiu-cycling-tour/2020/prologue
National Championships Switzerland ME - ITT 2020 Time Trial,2020-07-12,Belp,Belp,NC,30.3,142.0,28.0,7.0,,159.0,2256,48.351,,https://www.procyclingstats.com/race/nc-switzerland-itt/2020/result
National Championships Switzerland MU - ITT 2020 Time Trial,2020-07-12,Belp,Belp,NC,20.2,94.0,1.0,5.0,,380.0,1555,46.765,,https://www.procyclingstats.com/race/nc-switzerland-u23-itt/2020/result
National Championships Slovenia ME - ITT 2020 Time Trial,2020-06-28,Zgornje Gorje,Pokljuka,NC,15.7,749.0,110.0,117.0,,108.0,1870,30.225,https://www.procyclingstats.com/images/profiles/ap/be/nc-slovenia-itt-2020-result-profile-ec4f061260.jpg,https://www.procyclingstats.com/race/nc-slovenia-itt/2020/result
Paris - Nice 2020 Stage 4 (ITT),2020-03-11,Saint-Amand-Montrond,Saint-Amand-Montrond,2.UWT,15.1,225.0,1082.0,19.0,,6.0,1131,48.064,https://www.procyclingstats.com/images/profiles/ap/fb/paris-nice-2020-stage-4-profile-f14d97a47e.jpg,https://www.procyclingstats.com/race/paris-nice/2020/stage-4
Tour du Rwanda 2020 Stage 7 (ITT),2020-02-29,Kigali ,Kwa Mutwe,2.1,4.5,106.0,44.0,12.0,,205.0,392,41.327,https://www.procyclingstats.com/images/profiles/ap/ea/tour-of-rwanda-2020-stage-7-profile-32f9e12a02.jpg,https://www.procyclingstats.com/race/tour-of-rwanda/2020/stage-7
National Championships New Zealand MU - ITT 2020 Time Trial,2020-02-14,Cambridge,Cambridge,NC,39.0,,0.0,,,697.0,2885,48.666,,https://www.procyclingstats.com/race/nc-new-zealand-itt-u23/2020/result
National Championships South Africa ME - ITT 2020 Time Trial,2020-02-07,Byde River Canyon Lodge,Swadini Resort,NC,36.0,318.0,26.0,9.0,,315.0,2512,51.592,https://www.procyclingstats.com/images/profiles/ap/fb/nc-south-africa-itt-2020-result-profile-b9458cb8dc.jpg,https://www.procyclingstats.com/race/nc-south-africa-itt/2020/result
National Championships Colombia ME - ITT 2020 Time Trial,2020-01-30,Pesca,Pesca,NC,41.4,318.0,105.0,13.0,,159.0,2882,51.714,https://www.procyclingstats.com/images/profiles/ap/fc/nc-colombia-itt-2020-result-profile-958d51fb0a.jpg,https://www.procyclingstats.com/race/nc-colombia-itt/2020/result
Vuelta a San Juan Internacional 2020 Stage 3 (ITT),2020-01-28,Ullum,Punta Negra,2.Pro,15.5,201.0,276.0,19.0,,77.0,1156,48.27,https://www.procyclingstats.com/images/profiles/ap/eb/vuelta-ciclista-a-la-provincia-de-san-juan-2020-stage-3-profile-d5bb2d359d.jpg,https://www.procyclingstats.com/race/vuelta-ciclista-a-la-provincia-de-san-juan/2020/stage-3
National Championships Australia ME - ITT 2020 Time Trial,2020-01-08,Buninyong,Buninyong,NC,37.5,371.0,26.0,,,252.0,2778,48.596,https://www.procyclingstats.com/images/profiles/ap/ef/australian-open-road-championships-itt-2020-result-profile-f1fcd59e72.jpg,https://www.procyclingstats.com/race/australian-open-road-championships-itt/2020/result
